id,first_name,last_name,favorite_food
0f9f617fd34aa1d6bb6f7f0027f93b4ba90dc09ae73012534e119dd2949da96d,Durand,Spearing,Vinyl
47c48cf6d24ec947d4c87b0226708249c7dcd6602c76160d42012e0eba915100,Welch,Terris,Granite
06a1bee8053c9c7eebb822187e9e804eae878597e1fa5b36ea0508f698f3498c,Dennie,Rodenburgh,Plexiglass
a6da1f28ad091f740d52c4029bab15eef64a9eff5d5586cbddcef41464003beb,Lucilia,Scheu,Granite
fc72258634915f1ea0c1ae813c07932934c3acc775540459de97c4d5b8453117,Erie,Pragnall,Steel
bce28e5feda4177a523b5131605d34774ae3fa037f5ed7c884224c82df13cc62,Roderick,Koba,Stone
db6da987a20742a4f59c4f4057cfb9f5c110214ba089b303a186706fe0dcada1,Frederik,Fradson,Aluminum
2485e9a6f08279745383fcfb0943183f31ed030c6d1fb441b8616db9ee0d4b27,Shannan,Fontaine,Granite
bb922cb2b010ac474ce94e4e5a86d8077aea2e125ec74a6cc906763f8d2b02e8,Ina,Middlemist,Brass
4a1e1ea0fce843599f3888ff0c7147ea0b9374c31a889729f7e18712d829ebf8,Leonore,Kauscher,Stone
2910f84c66df939344d58e285f309c7d7c363c09a739f0750b721c7cb3f14fd8,Germain,Fischer,Granite
53dcc970380b56b0438f5b3e815142a91026c496f0fdfe1d5c1f8091b982455f,Heall,Lampl,Aluminum
cd192250a7919daf58221c58341b4e41d9145a93f52fdc2498b6a4c88aa7e044,Issie,Matlock,Steel
0ec9f035ebfbe7e7d29f7b893eb1a5bc2f5b61be52602424a1b9cd836f9e474f,Arley,Wegner,Stone
9035ce4c93054ae87d306198ac6b37ae20544bf0bdb2b54577e2b573cb6e2deb,Rourke,Ricioppo,Wood
1e9aa3782626a2211b00bb6e67c664bb605ab24724dec2e7965616f83aeeec7b,Durant,Payle,Vinyl
89d55f517644857edc9cc383d6a67dd27b42a06b4164c9be8ee6f4ee97599dc1,Ingeberg,Pykett,Wood
e4ebb709a80339edb3181a70dc98d76afecd2f8eaef5ad4250a4e87b212967f0,Godfry,Viccars,Glass
168cf8db9008c9608b01785580f1588a8911a331463b44458073ee36cfbc1f9e,Jasmin,Ealles,Vinyl
4693962db8d5cad2388c18a38921c2b16acc8220d8cc08d0ce55a0372c1eebcf,Hugh,Jacmard,Granite
d3ab9ef022dabb2239b65d30c6209a33870e49d087f272461703a09c822b0098,Gabriella,Godier,Vinyl
410d094f9f75546aa06e74bd17273c0cb5f645274e7d92fd8121d07a997e406e,Aleta,Chestnutt,Granite
cf5756e2af68f5ce227de40b3f13c7e5100780c8d69b4613ae143a29804a4d5e,Roy,Surguine,Vinyl
6eeb7b5d7a0db2f8cbf9ffba8b5cb35094719bd979a0ed78fa71e3c25b57939b,Gabriello,Robrose,Glass
ed92634c8ab6b1a3958e5caf9175336a09e171ba7fbc7929c9550eee2336bedc,Alika,Cajkler,Glass
f1e6813ddc53126d00a4d1b34a48b5795ef23aa2f0c8541fd762f64ebb1d80b4,Gerti,Simister,Vinyl
c70033338311e852689e0b9c44febaa21f5efcf82c822c42ecbc780bc882235b,Fleming,Geyton,Steel
7aa7f3db15fb3109046a3af578a22ab097a7c2e9ed0ade139f0f1b2e686484ed,Vanni,Wrightem,Aluminum
fcf861599752c3eb3cf9a825540714a3a3cb1603586fb9f155b92901f22fd531,Lyssa,Lorain,Plastic
d3cad4a0a53c80ecba1088e154c1256d64903a4cf58995aac68a91ef414406a6,Ondrea,Perl,Steel
62c7b14014ea8a0e573991cf101995b8c6365b70f9591c95536e351bd70e100c,Jacqui,Bowlands,Rubber
7782ec835fa208128eec85ae84c8b2919e6243537e7bee06459c7c034fe72ddd,Imelda,Simonelli,Plexiglass
1859863204aeeb32585ec896629c0797ab0fbf63ff375fef41b2fe1f0fca678d,Burgess,Waiton,Wood
43d1bacb27cd31fc8a170d5e9ed8e009e07ce644e513272460a168a6437c4360,Dori,Dreinan,Wood
0ab906c0b758a829b04308b5b8ed7dc5f6d057bd80d0e699b3c1aca2ca4fc27c,Christen,Heaviside,Wood
4533790ff6631dbf9779416a5b7a584aadd891209683dec307a9c4c18ad94b66,Charlene,Choupin,Brass
c660585ec4497d7859e9380b26562a5699c214a032bbc7ea5c782687a3885f9f,Waiter,Ference,Steel
dd5589aa9f13ca6281e1a74c436a8406c8821bdcb76cb5aa149dc36521038400,Janaya,Webbe,Aluminum
85b687537f2e3f26bf3ce31c6b6d066ccb56275bde2d3b23a378bb72397a695b,Terrie,Ragbourne,Brass
4a986934cd2fb149f709f5b16aac0fad78d6f2a3a8d53c0289b2fc6f97ec1218,Charis,Newberry,Vinyl
294aea18497f988aea937f1ee67d81b4f54964ba8af92f18b754084bb80f170a,Sherwood,Danihelka,Stone
092f7743919306f12a44259e328c75026e26edd78fbae6f6f67155209e0eeeb5,Ajay,Phillp,Granite
257d20cba5923bc801e622bd445d7692acda0bb335c86df0e8ca5c400cca535f,Thorvald,Houlridge,Plexiglass
7d313d60ceb960e6027d21316b08fcc6d8e15424e8a14a1ada7a8c18b2a27fa3,Tarrance,Slot,Glass
2c42f6f3c49260b4bb81ebf0af9ef9f22ff4d404948aa490cf0645c7176ddbfb,Byrle,Philipet,Granite
ca7c8d81d32e93cfff4224b4e6599a6993156530cb36c590af5db34c2be60e4e,Rodolfo,Mangeot,Granite
5702503b49418d4ba0c2ab6e110ce572572d087dc13dc1e167354d4131de947e,Tibold,Gowers,Plastic
ba9e3801b1c623049fe6e3ef8d64a4bbb96c8560ef36f3f322ec4ac7e9612603,Buddie,Sarfas,Stone
98641b7737918d76cf8d1bbeb4cd17839f6469e751389178b48f1bde46cc80d3,Stillmann,Sibborn,Plastic
94b38d2aba8b6676d9741a5b3115c8bfc77b8b63cfc36770af16efd93520a5d8,Elicia,Collingham,Steel
749e2448ded38143d85f42f859a4613bd9627b668244f4a5459f32850f2fca41,Hershel,Northrop,Glass
e5d1966e7f327cbe04b3e691387bb9a6892d54daa449879b4fc3e79e34d00ede,Etienne,Menci,Brass
fc161053d40880e6c1216ff3f02b15b00353c6392348305a71085d2f7841411a,Odessa,Piquard,Stone
524532cb798b563bf99cbfd20c44bf7bd531782990c81d5fbef470b18f098ab0,Crissie,Labon,Aluminum
f8978e24c622d59bad0f901a6cd4e0af62693eaf5e4af34145adfe7dca5f41ff,Dolli,McCome,Vinyl
1acf9f598eff84b474f1c5aad355418c9c21af22351df7d822591551866e5e29,Richmound,Foux,Aluminum
31a33ed52faaaaf1a4556a6fbab8053ac16e26811812ba869297a6ee62de6bbd,Catlin,Jankowski,Steel
0150e3b02c3c0ae390b637329d66055f70e0f1c85ca7b5bf3c2ffa292aed3054,Laverna,Sandland,Glass
616d23bb426ec7663ff2fc5637c9356ff170293d3bd9d977d1b1df0cfd35d909,Nadiya,Garretson,Brass
ba141ea78769546501a2904304aef22559ec0f55cfe3a66abe8231ee9489188b,Audie,Iohananof,Wood
ec4a9464acd0daf88e61eab7404578687399da6d14eb174f728cff87a8249d95,Ardath,Van de Velde,Steel
c70fb3b530d3c6b5481d517eb93b5cfe698ddb593c4e072d7ed11d0a4a3b75f8,Benni,Brangan,Plastic
43a9bed4bc66a87737caa5952b5f7d05ef190d33dc359e957b2f08b06687b222,Alanson,Hadkins,Vinyl
42e85a6df6ab5546e29908caf3fd4f94c51971e640ee09bb2cdf047fbf0c02cf,Ingaborg,Meakin,Rubber
fc09f7c7cf92343338a1bf335099f68fa1159f875128e6c36bfaab22298b93ca,Prentice,Deeney,Steel
5783b4157618ea0bba13a33413612b76d733da19129187195c49a44107e2eba4,Bea,Walentynowicz,Plastic
66d3dfec1d4a47efbb156f3fd095066441fede25a0c01ac8bde36c1385f3b642,Hildagarde,Minnock,Plastic
fe1055cd99c85920eb7f66007e88426dda1669ae8f73237a8afc21bad696da64,Cara,Stubbin,Plexiglass
cc0ea1278f078535d53049ae3f71fd880df774f397a579ec05b5d9f639f9644a,Reuven,Hachette,Brass
a0eb2790661d55eea128f9c2630b0ec16254273cc242732d0aa5a0aab1921915,Rochelle,Wardle,Rubber
05e21ccf5dbceffc461f106a81ec841c0909c75d7e14465b16357eedbf9ade2f,Tedman,McMurthy,Aluminum
4c4283ed5d166cfbb6d01d5a3cad2b5126c31b2b9ade7273053a551c82b618a1,Byrle,Saterthwait,Aluminum
a457ddbf2fba9e35293f5aae5782beec7b5a90bf88c1d87483f3a992723d3a3a,Brant,Smallsman,Rubber
342f80ec9303cacdd8dafc3b4c81f52128c577fc8323a231efa82d56e43fd098,Bernita,Lindman,Rubber
43afd3737caa287297c018c095ea1d625efe6cd03d25105690e01018abf7b0e6,Kamillah,Drinkhill,Wood
0afbeb4c49b977a54bddcff8a63055d7f9d3a70ae5f5cf026e003db570b6f51f,Flint,Wrightem,Granite
6a1585a1678dd638399af826d77466445123205a5edee2bfbc1305ea374719b4,Stanislas,Cleen,Granite
65a7753792138f4b41e53e816c4ead67e25a84c346b2d3eb28384305b4e87ffa,Jerrilyn,Goosnell,Granite
b81d32690378566731aebd41d6617a86b0a297a3cd80709137097a2043417447,Emili,Newlin,Glass
f29e7c50d65881628952e597739aef0f80ce918c18305033e75647d4910a153d,Pepi,Tumber,Vinyl
2fa06dc68a90c59cec5121bb19885cdd24322ffb1d17317cce1f133247a2d95b,Olimpia,Hilary,Vinyl
a76ee2d562c7c764a01d338d86d7dd712df8f033d085ceb52a0e4f5d1904cbd8,Boothe,Letford,Rubber
78beb6b93ca2b9b80ded636f176ab47c273f57e5264e4ed337f22d647a24a820,Alyss,Ormerod,Stone
75c7b95752e6953aa6ab79cef62829ac6c5b9883c57a4dd3f62f6d07c29670e7,Rik,Gordge,Glass
1ac7502207ed46e6b2c2675c626bc45e8a4e316cad6759cd26768636e9ad8846,Rae,Cabbell,Vinyl
31e4e5fc6cc45842fc78482a14dc34b078ef198f8ee7e5bf7e9b07dd2861af90,Gennie,Ropars,Steel
78198693d73cfb2f5a12dece5955e32ff7c3a975a2050cdd78d8d1297b36e950,Johann,Sarfas,Plastic
748614ad44116e4280a3d12713e98d75cd25fd6808bfb8ac14b0b7289dbeffff,Xerxes,Morrice,Stone
1a68b0a3c83742fcf07fdc6df0043a1666fd002e4eb8751a362500a00d7bbb18,Gabriel,Bax,Stone
7113cb1b6a59658f5dd60c3704f45f44f6e6980257cec1eb71ab96f008bd3c73,Keary,Bolsteridge,Rubber
12a31a3e42756ff37b1b78630c0731c4f4ecbd3a5ee0d249c6be27812fbda14f,Althea,Gregorio,Vinyl
029d72b35b159e1105c5242ed83e8994bcc2d592cbd35118ecd0a30909f241f0,Waylon,Sleightholme,Rubber
fe86826c19f11ca139cbe3e95cd6b0449d906f3a65a0c6f036f8add162f31b81,Basil,Crossdale,Steel
5d71a5a73e5a61153317efdf4613ccdeae4be1f4e82d8a14385aa75e626c2d63,Starla,Cristoforo,Steel
7ef3483b3fb38343eaf1939ac2a75932546aa5ed0b3045e69e006fc3bcffca27,Gabrila,Davio,Vinyl
6a5ea755b13229e43d9224a182d1067a5ccfc76247de23bb5adddec0875b6e7d,Christy,Spraging,Steel
ac02d72878838c046e62d70afd78548b8282e50b3451d084bcecf0b4a3934368,Ruggiero,Tanby,Wood
754c404aa8aaee5867d203e2d87c4415abe58ea21efa759e5a7f15b774dfebff,Faina,Futty,Plastic
5463fac7209b76a239151e03e8a847b2a52c6cbc343d35d32b4c8db9ce4c5708,Mace,Leacock,Brass
37abfb4cb7de5e3991e43ef9351c6262ceec4b6b4b05406caa29e225ab86518a,Elvyn,McKim,Brass
042137e81911c85dd47771b56290e43d04ebfa42dff91aa14392ccac4cc5a83e,Carolyn,Ruthen,Granite
8f5e3de7b3200e9a31cb0de6accc8b20d0de29909b509d49c6e643291ac6d794,Morgan,Allawy,Granite
59d1fa2f89dde115688b9e54d5f15a41ecb8fd8365ba0419e9c0551ff91726d0,Arv,Jindrak,Granite
d72454b51b20e2c53894760e7ca467700741ea2d2826cee6a554ef748ff0cacc,Noam,Southgate,Aluminum
e7fed96c9c71a6b2437363c6e4971244c21460b2889a937adb6de88f6c301ce6,Cally,Jemison,Stone
15d407a1a5ee5bbf1dd0ebcd911b2f319090d572c39981f1a6994ac357b98775,Eden,Pedgrift,Steel
dbf2e1a82f4f718551fd4434bcd6a620d2dd5bd63bb4110dbe71773ba2db2292,Elberta,Sharvell,Plexiglass
3cbfa292c6ad0ad9977765e0f7b233a4bfe3d60696da7bf65ee77a5c09e51bd8,Corly,Blackster,Rubber
f986542f91b566a3ae86d5c59270f9108fe39b38cd89af1cfba77b77563f2f5f,Sheffie,Hazley,Wood
39c513ad04152fd62417ca9ff82e8ff72b9c9236bc9ba963181ad64d0e45b434,Avictor,Olorenshaw,Rubber
4bb4724a59649247056d60abc4bc884e88bd639c464878dd22556569b405c3dc,Raquel,Toland,Wood
b04c06a39cef1820b12bcde65d9c0e8c133d08a728f9b7ed53b442f69968682e,Ulrike,Quinane,Glass
96e53e829c38e8babf1e381d7b369874e458ad2c8723923fbf59a6c7935ba437,Demetria,Downer,Glass
27ab82f27b4a828d21c862c6ba914ebf58beac940269e2c17613b3cfc7ab9f12,Addie,Ralls,Granite
9cae270e4a4b60e513044a46bd7f6f6aa939e417f795ce1f980ac0a2ef49b6ed,Camila,Nolin,Stone
bd684d25cb241a911300e3b70b28fc2da35589cfebddbfc58c57895ecb5d7855,Morganica,Last,Plastic
0dd28814c7401d35bbf35a02ac2207db8905f8637f161789e5ccaf50d80cfc34,Emily,Donnett,Wood
136f39807c568f0d0904e0febca33c0f3c11f4f4f52059700cc3e42ca7a8360b,Audra,Critch,Glass
61fa1c45afa004f573271255854f2511fdcbf5d45cfe1d942a1dc5b46aecdb9e,Josiah,Turvey,Wood
93c0778885d7ec79e7bb952a3a2ff74f137eb535f4dab366663e56f7dd3e4ffb,Glenn,Tippell,Wood
7b05533e9f4914c099aaf63d483f1e3167e5919252433ef8b5df7c9945848ede,Laney,Pinwell,Granite
c030f7fd08a2f24c50c74e68406282a419108ebca0c822d291bd9c3049f4c81f,Aristotle,Beverley,Brass
b8731ac614dbccc2ec8fe62f98a0f00c5ce6da8ae82a225db5a1b93cb5c479f5,Brandon,Wrettum,Wood
99ac7a66ad187c6d1550e1d09515b168273914fa6abc1bdbbdda88f35d12906e,Mariele,Pickvance,Granite
36879ea985df0d0b3d0462bb86150db054a1e3f68c44cf0ce6bbf53fcf30cf25,Horace,Ghelardoni,Vinyl
fde145018a145d62fc25e3fc3480d8b1d6429e4194030d4c77da3e8a59f2dc8e,Ingra,Scouse,Brass
a5ec032417aaeda385e9c3127959e74266174d5df0f414d59ea909b9675831bf,Alvera,Taber,Plexiglass
06bb3b4ab7f1c266c5790953a2bbc19d791919134cdd15abd2fbc465538ad6f8,Sonni,Gouldthorpe,Granite
03d3726098b8483ee5d337cbe44f227d32aed69833fbeb2334b60502f6f269a0,Gerek,Rathe,Steel
839b1966e9c19857d277808d713a34d682b579ec7e99046bef228ecccdcfe6c9,Jude,Swanson,Wood
09da5e7492a97c9a9b398b1819ddfe4a49c6bd9f01cc6ef9bc851f73c27a8517,Wallache,Brideau,Rubber
f4174521f92fd9c5d3e47ce6999c33adf280558b706f7afb00f4d7b3fb7d2b39,Abner,Lodder,Plexiglass
56a84a1e0933af4dcbb87db6f3a2f47b9c0ab48376b9d87ffe5d50b843f0aa4f,Delmer,Sporrij,Plastic
f96baaa3003e57266694a7c098ffe2f67995a4566279b9eb6317e506a1cdf4b2,Jaine,Payley,Brass
ada4c4f9250f77ec96558c6d696c62977828bcca0c977baf47ff25d6bddd46af,Pietrek,Allwood,Wood
28fddb1fb491b8bf5bf7f122057fc723e41ff1b4c27af1bd85707d89cfd2effb,Raquela,Trim,Brass
3208bc5a5f810509ca7332e29185d413b5abd63270ff3af51dc190b4b5ae4b73,Giuseppe,Delacroux,Plastic
53187cf4f9f7b4434ee8b79b877a7d86d5cc96216c83f551ecc0dd8c549eddd0,Lilyan,Jesteco,Granite
97c1dce4a7050ffb94dcfdc61ce275ce1e4e81c1c092b9c22b7950df1aa81da3,Bill,Aggiss,Rubber
c2af9673f555d124fc66b70c487f94271cab6f1ca83e1acde3cb36a767525e66,Robbyn,Kloss,Plexiglass
37a6ca22db9a82720ba862b0b863c2b9bc563ceba7b34944af8a5c98c9f30b14,Olimpia,Wivell,Aluminum
0c092604c2d99c4f6c24481569a88dd0bef80de1aaff62c61553bf440fbef209,Celene,Nilles,Vinyl
21fbbc4edca90c1c3c6b43cc2241bf129ac3995c80feeedc28e1392d7e6c5651,Aeriel,Britton,Aluminum
804f59872922c7c392564b5b9337e6b3063df210a5c52681fa0430eab77db883,Broderick,Woodhead,Aluminum
d303622f6bb07e630464ba79cef41f8e487fe0f4fa255320e5e8990291089082,Viola,Molden,Plastic
fe7041f951617bc12c296344f182aafa6be15a6d2e6ce0600f621f2d1935b048,Ilyssa,Crowley,Stone
6d39d61fbf34af54c251499b6ee3ec13c8f530b9d968b655b81bd301e178e9d7,Karalynn,Spurett,Plexiglass
a656f14ee36d112c6510cbc399196cb66f2c9d63f883b93a2542242432c522e7,Berenice,Brownfield,Vinyl
f14ca7b4b72e2fd47869dde6e04232ba2c13d30f5f414d0d2a869f7c12183683,Evvie,Eggerton,Aluminum
ca8fe7691c9ca6198769ec82e0f9864dee2a066c37a7ccbef952e7214194fc64,Shermy,Parminter,Plexiglass
3c35b76825fa1b75be31b5e2e375e8df3afdd589960e2845610c81c232a1f334,Trista,Bothwell,Steel
0f183c951c6b7716f4f830666ab74d4e256417974fb1ce62752b9a4bbeb58934,Alix,Milner,Brass
5db79fe6738a275a364208fac48f0976da23b9e392a3f14bf8deede3a288c822,Sinclare,Murrigan,Vinyl
f47617e3f9ebebccccc68a7df26f73ab12df573aedadbc78b24a0504620444fb,Marnie,Gordon-Giles,Brass
b3bc751c9d53d6b5a150cfd299e1c30fda07a6fb243aebca647921adeb7418e6,Rosella,Wayper,Plexiglass
4575749280912789b97d68aa4c1760403e3f632ea0cb4f2d4b9e2c13afed808b,Conn,Gluyas,Granite
0d273a7fe3ae7fe8b8f71903cc388b00845fd0c16ad041ae9b2b252bc27d8cf7,Ranna,Glencros,Stone
d9b513ca34204dfb473e649311165184406b6f9eb568fa662301cc88e499e409,Winthrop,Fay,Granite
e989a1c306ce8df341a5e0273fad71bb85afaee4963a4ee65b57b0105faf190c,Bren,Kilbourne,Steel
ab375385bf60f0ee23de02c1a2c405d5d68161e3d41ebf30a4b7c7cb1e1a5419,Albertina,Roswarn,Stone
68d0b16f0ce55ec50598965e5b30bf82842168167ff3ae8a9cd779d382dd4c11,Hester,Neaves,Vinyl
01f52d5376add040ee9bf5d4f56a85c8b27bbb9a28f0c3057760c7685e70102f,Jocelyne,Yesenev,Wood
c7bf3346f09dda9aed05c35cd352dfea4ca21b7a3c98dc0d7a7f98f8d1245769,Rivkah,Londors,Rubber
8bc510baa1a27022014a00bd9b38e3db3525e7af6546fb45e84110da619cb921,Cordula,Braizier,Aluminum
4db1a44e478dddafd98e4410150342f78cdbdac9ebad1a32c8124a954f70f497,Maddi,Henworth,Glass
c431d7d75c65220f8db5f84702dc0f5e8a3b6bcf796801de0e5340ba557ed0c2,Latashia,Labrow,Wood
30e98cf9e26c984d11228702b29a834524e9403deb413e4266b8617579feb42f,Bethany,Probets,Steel
e30f65a9449aa27b7fe55dbc102f49bf9e2aab3b15612df6263a3ccbd2772a04,Claude,Feye,Vinyl
d5257f32bf87a8be98e0d208c4b20c5f217adcbd9194e361e6051658e7d29b05,Tanny,Rudkin,Vinyl
25ac79a5ae193584f9b47cf08a72e918613360166f6cfeaa1e589ce9f7552e7e,Brandais,Calverd,Aluminum
bfa55836d1f6f92e91eeac0a5cc63c2fd4a6aa8af9b87e54690f97bd73606f17,Xenia,Snoding,Vinyl
b3a9ee066b8231be611e42ed52b521a2db0d77c2c85db98dacc5794ecbb878e2,Vinny,Wanstall,Rubber
fabdc8baaf4976eb794fcd31d0902ba6c0c6ad2717bd14bf02dba2bfb8603300,Whitney,Durbann,Steel
fe960171d2b8d2023d161db9b407e336ab38ed68ddae503cf1d6d3c31ea414d7,Sinclair,Bernucci,Plexiglass
20e80f867b1773fb142c031737fce483704f0adea00453caa37a5bdfe691495b,Xylia,Champniss,Rubber
74f6ce49b749d0bdd28fe4a90d05e31c1ae8e2b67a7fd298e74194c91e02a300,Dasha,Maloney,Wood
5510bc6ddd101fdf3f84502c83e093c00c2553a87c3a923d3191bbcb7734547a,Averil,Baskerville,Aluminum
27f32dd14a124c88559f5c0e2071a615dd237782dac4bcdf873303a3b640ce66,Dionysus,Arundel,Plastic
ecb237f7a0894e84ecf13f90aa85b579dda6d1c0ac25c7ad211dcce4f548a913,Bertrando,Sellar,Rubber
528a5ce6d5a4fe25fa71ce22f1d42e6abaf191c21c322578f2dd6e0f64fa2d41,Fifine,Mellem,Granite
537d81af3378a2d2f1ec660b1ad50a055fe819b1f81664b63a0199913d5f7348,Britte,Mushawe,Plastic
77da59e3205ae5832962b5b892dbf9e92680aa840c4055ae8603817d17bb8fa6,Phelia,Sinnie,Brass
bfc6979ffcb495203e2900b1aa16972d8d4324dcb6c026fb8d7fd2bf038b1c24,Shandra,Tydeman,Steel
bcc8ac8542aeb9608d9f706ce579d1df27135163c62c48254274aa16c4d5e29d,Birgit,Palser,Brass
bcac01cb24230b9e86fb707309f259032fd49c86200b349868320101ec8d6ead,Teddie,McAllester,Wood
5513c6144ec533c747ab6c7d2e7b5f5e0bbdbefcd8c72e040718498b494925b7,Gabbey,Outibridge,Rubber
20ad8457078175858c9f9531d7d1c7b2317e8a53f70d3b390cd534826630f39e,Sophie,Whittlesey,Plastic
9ade89f7b11c58dcf02e74e0cc32298e5b61382c0b24a8cdbdbad0840d79da18,Josephina,Piddick,Plexiglass
e0c4aa24dfd12e63f25d08cff0746860b41809a750488f7402f6ceb50663a84b,Willey,Barltrop,Brass
6f05ec95ccbe6ff52158d30e3bb4050f9fdde15cefd3d2fd5feca03147ff02dc,Patsy,Shortan,Plexiglass
0c0aab853da038a674a8a425f5cb9e4fc90ca40a81f91f367c1d8e3b9874640f,Jemmy,Hubeaux,Wood
ae1e76eb164579948652bc20bf8904a5cd0cffa5c8737d6efad916ad3d123cbf,Cointon,Rickarsey,Brass
3b9a8030bd20a35d0d0205d89ee3454e4e8fa26dadcfaf3d586b75b436792e8d,Celina,Bartot,Steel
789b6745c8d321c9f079b1c18c2d3288081de3e8562f0e32c56645b1f2018dd0,Helen-elizabeth,Bonallick,Rubber
1953419827741100a6bd0452471a6e99a20af28fbc45442f41dcffb2b2abb0d6,Erhard,Snar,Stone
03774337bc3de6c8c9e0bc9a48e1522d34f644831e5b0a1e23b8d2115cce52b4,Winne,Cholonin,Glass
230cc020ee302d8c35c10cc4f4b226500aa9870c8d7c26d84134e575752eba42,Joan,Boggas,Granite
7639fbf4ea8dbfc2de91741a04fc307cdaba3bbab86d468e8e09a683049fe878,Erroll,Tallent,Steel
1f3a3b389e518913086f607dd0404ad9b8e38db6e842fbe9a8c91b4d18ca3d3b,Irvine,Andreopolos,Brass
bc1f1f0e770af96219801691ccc14e2bdff302a787b6e66a7647d8b471503a42,Fanya,Landes,Plastic
3f56b4ccb196b2eb3aa67cb84a490d3388784ee7aa1642b0779b72284eb9e66d,Si,Doonican,Plastic
59a9a51eaa3d58fa52f86fda4ff5f68e58b1965246882dc5aa689c111bd41aa5,Corabella,Burbury,Brass
f93de2a70744560d3e3729dfb4539e62d2ca3770a13776745dee6ae63d59d2f5,Hewitt,Tomney,Steel
c96b8d9a9214e44ed4bb6d218612ec68f842c37d649b9b36d5837874804e2a72,Crysta,Gergher,Wood
14730c58196e4486d27b43053c8393cb39bd410f2414f82278efaafef284d8ae,Robinetta,Fontes,Rubber
5dec8951037c42c1585c8372acecb7e5c5ae498cc5db995da698c6edbdeb28c7,Ashton,Van den Oord,Aluminum
9d2b41c46a4ebaa3f5d39fd5356f46b0eb33f3aeab882f74e884eda37b0fbef3,Shalna,Futter,Brass
b29e130261b27c0b9a3dc99aa88c021c96bd22855e8b92b10689da5fca0e1d67,Ludvig,Luberto,Stone
a48e09ad11bd96a5c88ad55d235f09b7621e2f4dee40a53780f629a054de3e41,Walt,Shuter,Granite
93c5b339aaa4c579b6a161e52442fd5ade3ffb4cbcbb0e49d37351fb017f910c,Lucais,Ricciardelli,Glass
ec14a0508a9dfd52e76868bd40d0bb26f948cde73027b91b56b464ae7b0fe86c,Ida,Olivello,Vinyl
375f5add79f5427e86ab082433f177e6a8a9354d2d1c2245ba014cd03e774a9d,Holly,Carillo,Wood
c801d8c73e5049f0b7dde76b05d28d5e5bca5324783ce4f6c17059570796a7f1,Catherina,Bunnell,Rubber
e59e8d542575fc87cc350a15c4987b0f0c55fa78f93e9af93e1ecd35f20aef2d,Teresa,O'Lochan,Vinyl
91fcfa46dc71246392da9bfb855ad3a632877f14e98f79a8d6546b56146ab9bc,Jackie,Mullany,Wood
74a084deec64acc8701a18b170f31045fe0adb2dbac8eebd9ae0c39cde650644,Rozanne,Pedrocchi,Plexiglass
0a128e200d1870c95e3c65b686a2eb3956bafbbe63c64ea5704a9c8d90984926,Abey,Meininger,Plastic
2f8e47ce634d293f19cce9f3737712827b9d6ca59dfb0f91fed9c375e6f0e0ca,Evangelina,Newbury,Glass
4c85045f4befe9bc33fb40f3fd71508ee54e6b77541d8c8479c96b4058483c01,Deane,Bearham,Stone
0ef8ddf3af40dc250759b9af376c2981e54a3293241a51a008154fc03026b1f7,Sheelah,Rosenzwig,Stone
4b836dd18acc9f7959a20746d730fb1aa493ada9b53c8200a562ff91e266265b,Zolly,Bride,Glass
415d3b6a3ed7b604e2830ed969a309ac6d01f798996a7a84cbb0a028cab0f1a3,Bruce,Beernt,Plexiglass
1dfa55a0534e860d904a08292948a16482cb7c24c4a25c499f94b669370eadeb,Alane,Tippetts,Wood
a8e6eafeb76d4d18873966e3b5464e0e4be7167330ad9dc6b7f57a94341e79a8,Camilla,Durand,Wood
5ffe8d6f7a90ba850f8592c8c5e08daa118c645e01d66870d8c2e79049082652,Janetta,Arminger,Steel
0750353dd6299b9be088cbd5b5b8f693a07cd24ed1556e536eeddb3b1ae48874,Kristin,McWhin,Rubber
6ca7f9c1d62e81ee0cc589082630bab43eb19a4dff2f4f459ac84c85143cb962,Athene,Sylvaine,Aluminum
7bf18ac618760fcb7f3c8650cd26674cb2ca20aa7d563a9a53956aa66e8b5539,Adriana,Ordelt,Plastic
6e82cc35a26444eaf696b04d8b0dc2d68a1b1e69472cfa8e8136701996726987,Ira,Morrad,Glass
f7c2bda38b0b9845df66d8f33fb4114ba357b4d91bc762edffbd9c60d0403a8a,Idelle,Remon,Plastic
0d365fc487d3134d8de2065f4206d18838d98d6b232b284010c5ebe0c8af3264,Lita,Grahamslaw,Plexiglass
a049bbce81aff1c8e2615d7a511cb34d4253cf5cb0d3de0cb463c157dd7b53c4,Muhammad,Walkinshaw,Wood
330f189ca327a0df3b8a96427bea0887828dc1f9fb851d2cd38f70af2b040f65,Rogerio,Silverman,Rubber
2ef8db30f8a5874a717013ca329b01f9214171e237794ac512978846a41f2bfd,Dolly,Ubank,Plastic
c7344b247faa9d236fc4cfa75a5af059ea78b731653fd809b9af262749b5aa19,Quinlan,Prescot,Glass
d87810faf3fb4b0b263fe6af43d5508edc7b9c6dcbcd31c6a30f808fec406717,Valle,Labes,Rubber
a29770cfde04a6e72ca2b16c62e022f351a0c5379f945f5fe5dab911141c882a,Lisetta,Wreford,Vinyl
983f4f57dde06523fb0d397bc44cee3ad154eef39e09c502ef32eee88b9330a8,Malinde,Dinneges,Plexiglass
2bef90f82f914396a81e12965e0e57e523c3973e79e894ad98d507cfb14bd88a,Wynnie,Trenholm,Stone
2a034191d75c3362f9c0c243b0fa91e69b59e08fd6573f40ac72700ce8360c5a,Beatrisa,Joel,Plexiglass
f9ce15020d60fc4ed57c35b966e8d71e1b18b2f310fb9f94391410cd14eb4c75,Arabelle,Mogra,Plastic
d06157a660b4b0f4c6ad8ebf3af394d9ae4d3cadc81210848d08d5d3684a0087,Garold,Ayres,Granite
de66b09a0d14c6b1aa38dd1163e9143998d368d1f44221dd65664fb51c7ac25f,Ysabel,Garling,Plastic
86f0127c075fff7ed1f4dd209854103db7b115a8400fff75f7ddae13a60d391a,Monroe,Pudney,Plastic
3d8133afac53d4eb06bd0e8ca607d618034641e88960d1c15ee8055ca9fd189e,Iona,Castan,Stone
8448747487ca010c9d626784b3e41a73b9918cfc289ea16a825f99438f1bbe6e,Edd,Dutt,Glass
de44fd0f6635bcee8962c0c4a298cca548badfb50f75cba371775263b55fca09,Ruperto,Getcliff,Brass
b85dc48b7f04f96d2eff2263ad58ccc4b8b4a7619b64afcb53c396ccefa42e4d,Cindie,Arman,Plastic
c3113c2361aad23ab36758a9739bd79345957ea2cef4406c5fae27b8bf194d2a,Nessy,Jacobson,Glass
cfcd12d9b85682101842bb8eb40050508eaafe5bd9a6d3cb8df4a3d6fe0ee39f,Sara-ann,Pepon,Aluminum
6a6c9cf1c4efdd53e43b98368ccfd92e8bc439d2f744ae7946ccde9d28e751c0,Fran,Barnewall,Steel
20d9a5a85f4dba6e4b5c3039d438812b10ef83938ca7717057d1be1b89e56499,Jodi,Labat,Plexiglass
0a0e2b530e39e2f6be17d3993ab967bc700e96f2c721e6f21edb2db6651239c5,Urbano,Antonioni,Brass
914d7eec54a73844d75ff8d99977e14c82138b72494359c0d05cdd00637eb6a5,Garey,Double,Stone
ef80c59c2deac7e7d7579dbe679707e9049a03ab10dc99a2bea13fae1a29e21a,Rocky,Doore,Glass
c703783326ddc4f80613dcca6fb4f8abcaedd55582f2204ce0a22c2977ee3dab,Melitta,Corinton,Vinyl
27d9aba397be297f5d9878825fd7ec5ba134b9e04ce570235e095d4eb4852bca,Jack,Finding,Plexiglass
cc6ed85a7af1e3f562948495a458495eb528d4d30084400ba086a681973b4e5b,Garreth,Larciere,Glass
4583f30e151d72ef9b0d6d02e226909a0f43cbfda13e4b6863d6984e1b708276,Flo,Ledwich,Rubber
0194bc486597c4d99ce24da865dbc40117532e4611542e3541bf3e53f31c1474,Michal,Angeau,Rubber
ea436b4672d18d2153d9366e5c2f0b63aed783d56ba0ae772e8b29cd3273d430,Pembroke,Hyndley,Stone
bdda30e41545f2a1ba35306ac254b036baf24912edd4e9c12268a08b0d9bc90f,Kassia,Hollingdale,Steel
b6566d52a97fb66c5603bfd628f4be691123b4cf5e5dd79ce77a8f57fd1c0f80,Roch,Danilovich,Plexiglass
c16bd37434d61ed59fd461eb2faf272f2c36d95f0793abf34912e0fcf39536f0,Winne,Marioneau,Aluminum
b6267f1ac6981a9783a9ad2f432fa926c6514aba818783f039ea5c74b2bd4d40,Mirilla,Sidry,Aluminum
9cf0a6bbdcc8b8cf9f7f07ce355102cf349304930873c3fab72b313a5385b149,Nicolina,Sells,Brass
dcfbda2b912689851e8174388b0f3258be1a708da351d6c8aecdfbf925a1767c,Ravi,Drewet,Plexiglass
41107a4db4babdfb57369fb1e9d3a053c088fa68ee3ada863d338ea72e32d216,Ulrikaumeko,Gue,Brass
5c33d0d36018c65a2a6b431a19a1bee722289ca3cf38d0b9f47bb0ae092d59c6,Augusta,Peever,Wood
10968189291d1ac0d273fadc15d2b515229e70cd0eb66202b1778f6ef1d40e9b,Angelita,Abbate,Plastic
ef8ce1c792eaf6b3426a98416c82c1f0d0bbdff86be1b5cb1145cb942dc9c817,Clovis,Bisgrove,Brass
a8b433f7b26601e9784589fd530635f63016d44ed90af116595068c9ca3e7b26,Hernando,Lorroway,Vinyl
0b7247f77c089fa29b14f46d5d21c0a512452cee512b1c114f02f556f6750f97,Sim,Milmoe,Plastic
741199157d1c7bc374dffd068f88f80c78d2624ac29f4ee4ff5157510b1a0e5c,Chrissie,Sevitt,Vinyl
8eb26e94a01d36d509380986d98699352ed2193c5525c01a364bac82dfe3403f,Morly,Merill,Wood
565d33862bc38d65f7ee44c19dc5a0474c6163648513ecda793da69865e080ae,Domenico,Kinavan,Glass
8e182bc8db5972b3b80d5226da1e3a590e6965ea8635e6fa5974e3b2f2923729,Mommy,Clubb,Steel
2fbabbb23658aaee4d5478b5a8afaafda40bd448dddb76f5617a648161c8c79f,Tye,Prigg,Aluminum
99881e8b3bc870a72266f9d23ef8b1d908655e6c7201cbf11a3059dc353e8a49,Tybalt,Barth,Granite
7ea136a884abadd8f89d6b8a83a683ee83b60ea6b7c17b6b563905890592b5f8,Anne-corinne,Guerreiro,Plexiglass
21b5a7d561dbee183ecf5698eba13c6b91b14b437746dae965ac653893f8dd08,Donnajean,Janousek,Wood
b9d8829dfd2565c2ca279797f04662ed880be7a232a5047eb9e862e6ce3a73cc,Hynda,Pedrozzi,Rubber
c0e22da6f48d9d35f134903382d291ad2097beb0c9c865e2eb957077bb2eb4ba,Jakob,Lynnett,Stone
9743683cfec4d8b2936190f0bdcb2aa8915356bd5699b7f9cdc831ea79f8e265,Dottie,Rusling,Glass
2acaf28b9fa2884c5571809e7025bcb8771eceac876807015dcb33dee20c95d1,Edee,Kendell,Vinyl
7b2867726d11b01a6db6903d7679aea7c506cda766b32863d4a6b72a2c3bf7bd,Eolande,Czyz,Vinyl
e6f92d8b176f715e7cbeebfff381ecddfe89524c71a01fed2dcbe04791593a5d,Lexine,McGlone,Granite
7660efdc9e3c3fadccd3b5ed5ad15b9ee68f62377ddae07fbcf8da5bb7314fab,Yvonne,Vanstone,Granite
a24ce6eb0f68dbac5f4fca2e7f678e17a2a830ec0da2e5b1035f6b989d7ad2ce,Kelwin,Schroter,Wood
db2f8a9ac11414caeb1fc1de16314336dc18aed52ac4571d17cf4ee4b21ac16f,Oralia,Noddings,Glass
d4f70480d3622eb390e48431e61073ed931a812f09438a4eec04001563329ce1,Aubry,Stother,Plastic
a0de83bf4b5e7179b2e4139b5b7493cb29cfd84dd6a8b770b3aca38522e51dc4,Katya,Thoma,Steel
b2bc8707b447eee60b5649bae6bc8cd4a387b8a6972800f9c133ba209af675fb,Waldo,Briscoe,Wood
1b6430c506dd3544b433db191ee95c609ec5673b1aa56f28eab7ea7b570901c6,Stanislaus,Camelia,Stone
f1e2dd7368be8afd868e2460c530a02da97101af7025cfdb69a8da91d377467e,Dorothy,McCane,Plexiglass
c34aa3aa2accf432bcc334978e5b67b9152dd0c0c524c6e30f9e144ad5a470bd,Chane,Garfoot,Stone
ea38d1e1c9060e5b29dd364712540b5d7decd92b5a5b0df4b82b997199564c46,Diarmid,Deniske,Plexiglass
49ff18ab38acf3da1d59f5bd26877622459874759830d4e74d1f7cbfd3cd70b2,Hadlee,Tolan,Rubber
57fbe012b844e450e3ab5a45974cf4748e90f02b30dda6027be5730127d79270,Chariot,Peinke,Plexiglass
083a34dd8d626b6ddbe91718985f6a40b59118b35b9941761a472134b6039512,Melody,Bather,Brass
4b898808238ce8f15fe354dd09856d2c53c8707cc0c1c592faa1452cc3923566,Blisse,Cram,Glass
ee95cc3195a8931d492fbc8d19dc0ac028c299b50e71e3099ce59b56db6ee653,Nev,Egell,Steel
ecff904cf615516771064dffc3fb3b013c2f0a301c38ce23e38e05abbd89d11e,Louis,Endean,Rubber
8f3da3652faa0b6c6610afcf27466db2006fe5f71dcd4c32912a146316df647c,Christopher,O'Coskerry,Rubber
6f2ddb7f9c1bf11b3941d9367f8c4622f15c646369a73a032e017593f4404a63,Shea,Readitt,Granite
8c8289d8f8f6fe9147d16d0752c9a7e455838a3c36ab94af9d577555099834d7,Stephenie,Tough,Stone
5c583845b1f7c0c659b4ad3321d050efc7e6df3a5dcfca5c577bfa938eea3ae9,Consalve,Gueste,Stone
9015bc4928d457ee670eab41730263d4d0b1b0a3c3c77d94e7da1e1a735c16dc,Margy,Paddy,Brass
b3d0ea377fcbcdd3f4e412dcb3609c9a58e67c68d0a3be40894d1c35626098fd,Felicdad,Fonzone,Glass
96317a67b0b944d548bc84a3800480a2f4f61527bd10a9142f032044ac267bae,Con,Crichmer,Plastic
4585d6885f5816ec291ad4b044f991aaab2f2acb1a67d7e72fe225fe5a0eec9d,Cybil,Van der Daal,Plastic
3c30081cb56552a9d8e25ad7eb5d4908971455fe0d2c84463760b3ce4b9902a6,Dorri,Piche,Plastic
8fe2bba6755310dd210c6c7cd65b0387006dc47059f7e4a5622b773d17be5fd3,Calvin,Branscombe,Wood
24c48df6051738d2fba84c168b8a3b99a713c890c053a19d5120652fa6a8f8ea,Donal,Westwell,Plastic
7ee8000dde9e5d564575d1a57436439022412067bc31c179566aa17605855060,Clevie,Wollers,Stone
a6110bd1ee2120b1b1d33785140bdd32ae6d562d805716ed898e768b7f31f6b9,Tiphany,Hawker,Aluminum
1eb011ec69baf2c1e8a00857f3d9086fdc256882d90811ed62d3908f2a4e1059,Imojean,Gingles,Glass
c439fedf87ca06e1615f7b024639530c14fb7d04d24e4faccadda42ec910735e,Terrye,Sunderland,Glass
dca325a4b60076bb8cfc0f416940ec7e7eb7db3746ca5ab91631230f275d4dbb,Barbabra,Helmke,Plastic
c38d7436dca25a1d3687d27c15fd08fea95171f9e9cf2654c6315bfe6010a970,Matthiew,McNysche,Steel
b016eb0751744ea0ce7eb002e5490b222254f3483c96ddd6386e86271445d9b8,Kelsey,Doret,Rubber
4e852006fa6493b7c9a5152d20a8855e06440d114cab58f867daecbec6633545,Ludwig,Tardiff,Stone
3effd3304c8263768c4a571ec3eff6c752bbdd3265ec92be4aef6c5d75aebecb,Gloria,Grenter,Vinyl
37d078ffd83eee7474326e68f645b6100000f0e24228c5ace985ff0d302688cb,Melinde,Hars,Glass
0f21c31200fe298946d3543f322625452d8ec0e757dea9c5b973b27071a9cb21,Ev,McDarmid,Plastic
6526b9ab9e5e039efdb56bf0c8b7136245457552e395b4cb7a2833bced06fe99,Pietrek,Lemin,Steel
1a36e944a540f2cd15289c3e603a486c34f9b5aff487355463bfb091729cb5ea,Avrit,Hundall,Wood
bfff30de0d589e2e95b39c98f29941e67358b72c1763c755ff02eb4670f95d37,Melania,Cartmill,Granite
093e8f21e06ff601c383b6c8b5cc40ad2d4cb93a10b69ac78db3f658ba4b3c02,Hubert,Thiem,Aluminum
d0dd471972b70289108b079695d74bab2ca1f164bbffd1dfb81f94a38b036547,Allin,Pontain,Rubber
ed3cebef43b9fca377dcdd30886c7a51fdee1aa0b7b523c838048d44b976ee9d,Daryle,Darling,Glass
49fc0103b943da664e58029d162be94f05f5eadec2272700e40a7bb4dce0e385,Nikolai,Charlson,Granite
5deccbf1ef25d7e626067d0f9b9d86be4759b16a7f3fdf3d4b5cc5a260764e25,Starlene,Haugeh,Vinyl
b772639189293e8a711f607c4f9f981ac43404ebd67a66a31f07b070085f6241,Carla,Gecke,Vinyl
094b9bee721f7db90616b10d52c34ec1acb75ce3498e4d3ae53515f836566174,Wilton,Truman,Steel
b4b187e5da74321b19b27693d5ae597b2745142fa85ce3cd6dee47b6294795f3,Isa,Ragg,Steel
709511d4f38b68821c05833deab09d3921dcb1b96ed24e73d6855502cebf534f,Barn,Eakens,Brass
797ca1e9ad2ce9576b46748594410f5035347ba5c3191bd52c3fd0c80e602c31,Laural,Bosquet,Plexiglass
d188c9001ad894ee1c75e66caab771c116c9f16deaac31a450f5e8e28034f7e7,Alis,D'Enrico,Stone
74d01f2531bf030986a031c77e587795dc951d20aeb3b165f4abd4221cf92892,Estell,Jelleman,Brass
270cf406345a1970bd26a1e679e0e7d30188bd27795a1b84d402eca72fad3f4d,Consolata,Duffell,Steel
14c29546c35041c6868f01cae9ae3dc730e51a87fe240795b209b9442f7a2c70,Lurlene,Peace,Plexiglass
6720756bf019fd066341c19ed5669252c57b1cc4a20a114d5010108b973a63c7,Theobald,Abbotts,Stone
63eae22e43778492ec389eccc5e559142a152a5151c7fd479ad6aabbfb4cbb52,Kakalina,Wagen,Granite
c15f2b6aa67f1baf939e2a74a7ab6b4bb9ba6066062dad6edc5303bfa166fd49,Gillan,Corkell,Brass
bb672b967037a5772171c67cae68d4fd189cce914349be2b7866ccff76cdd32a,Ethelin,Stonebanks,Glass
e5d00a56c3c2d76076cb655599b8232f42a111f197dd98b92c486ea4bd470b0b,Forbes,Broseke,Vinyl
7506125f40def5383d67e5e28e57512862330026553411f78b692aa0c703dbee,Tremayne,Alvarez,Stone
36a9fc51cfb8b22ad65c9ab78f87afacdf998bada4640ac43e8a0e010cf40509,Ben,Whitfield,Wood
a8f24a2b50b7c628d75b6b436c6d5f35ef9a95ca42fe528da37f5c11c8784bcb,Trudey,Fer,Plexiglass
ca7c583ba3b8351f3ebe7117da5ad161521f09867d1a25f52f9ccc9480582bcb,Netta,Jemmett,Vinyl
6a8e2a640da3518292fdf3d3da49ef45bac53afa18f585818042c172b1f56ed9,Dar,Arrault,Granite
77b213e098fc9410c090b8a34d4eee1388d993d0609064e61bea0643186f4036,Carla,Cruttenden,Glass
432f927c396751b2e625f0f40336e600fbdd26f31bbaf5951c1890bf5f73ada5,Allina,Ferryn,Aluminum
5dd3860e7fa75af51d7616be06fcdcff4645266adfef5c298e6da3eeb9da0a0d,Rena,Fernie,Aluminum
5f549be5b5c1b8e81cce38901baf220b83a526cfa24cdfa8d1b714548b97e03a,Beilul,Lovat,Vinyl
e4979d8fde78ab583836b24aba5c6c6acbe7f88d81d09e089efc272e5463610b,Alyce,Kewish,Brass
e15739ec5140d9873fab5a509161243433d5e056ed661316df8b2d7967dce140,Laverne,Jewell,Granite
5896c9e7d836be6c771c1ac0d30e5e9f6b27123351399bdde110c4a6d1b66b96,Nisse,Rogans,Rubber
c9ec39afcb1e2af20e2b8f40559869292d2f815bc22c15341b4ff2f35b07c9a0,Agace,Durrett,Plastic
7eadf7988782834a884e28faf24648eb4ccd1f9da110d72b462091daf24b27bb,Ola,Stolworthy,Wood
384726704d0371d66a4543fc13ee0242dd901530175fd2ad17ac5176bb424153,Mirelle,O'Crigane,Vinyl
89b8650df4ce27c4dff2060cb2d3c77e49ee98c7865664e014a5b0afdfa2c0b2,Elene,Pickerell,Steel
7ea1cc181e14d4dc78508b235d3b275fa74fb793176f0467451b3e29cbdffdea,Freddi,Riden,Steel
bb53dfc15cc1343d88f52ae9dc9a439e5bcb7a429f8fbe3ae9ae0e507ffb2382,Mandie,McCoy,Wood
4d8a0cb0429cb0bc4d3011b6d3662baeb13ad880ed940e42e3b74c8200263f25,Chrissie,Armour,Glass
88e78b4f4678ecb79f0d4d9c9f4e8c5d0ad651ca617ab284ce8e5b728c2db07e,Ulrika,Crowest,Granite
160c8bb3e12367c0d66cc87eca9f9353c66baee4d9d369a41fea39eba72d7a22,Kippie,Brader,Plexiglass
0b4f87198d37015a0aeadedbd5fb9fbb657b2aca42dd70d43ce39b420671878e,Bibby,Salazar,Granite
cfa07f9cadb482ac8dac0d7666aae383e8c4e7d256eb121b1564117b92d0996d,Con,Tirkin,Rubber
98f257cd29078c5b6d81e99e4e53c39d5a2848a4f55aacd7ed7e1240438d575a,Fredi,Meritt,Rubber
c7d73dd5bcceeed9fb616041dfc19886d944fe91423ceee19191933970acb839,Aleen,Hodgets,Brass
07a20750c005ad3a5d7c86057301fe21f65d8408cd05b8808a7e96ccc99a0b30,Linn,Steuhlmeyer,Steel
afa234bef4f92254c6bdd4e8d4513d5b6aea0c51cfadbd110685c5d695d5ec8c,Chet,Caress,Granite
8bc0299a8f5aeb32b7bec15d61ccc901745673106ec6dbc75c0fe41ea044ef59,Kimmy,Grote,Brass
782be09a8c5680bc468088cfd6d9f53e6ad48a4104ff6be0be98e9151b4533dc,Madeleine,Dicty,Stone
d973bf65f0cafe1ca9ee0d97ba811931fa49ba7d7f0200a00ee83e368c8a4e54,Tara,Shoebridge,Vinyl
0053b8464417fa2ec917c631cfc7dd1378e6846827edd4b233d3c2476b88183e,Hartley,Minci,Wood
688b3a068993175b5569a647f0f03223b48392dbed86b4de9d21919b5ca07ac5,Hervey,Olerenshaw,Wood
3298d9e0b39dc5242095b1ac8a688d8f8ebb9d0066407df584a8703bae559afe,Florence,Westcot,Rubber
de2b3fe3e3499d47387e7010f4dbb49302d4cef666ef76aa198c15ba885f4cc5,Donn,Summerlie,Plexiglass
e09a4beeb46a003dfca5f94e59acdd97486cb021c383254df6295109b2214b7b,Abie,Jewell,Aluminum
f6dee963ab1be6f532aaf357d9040e6a4dc27cb92abe7704a1a980d179623179,Sunny,Coggell,Granite
c8d250eef68f63d44a34fa6385688cd5ff7ea38e3bae7df28a40026bcb9644cf,Theadora,Carlos,Steel
7fa10474a576570468d72bceb84c258dfb3d1344023515c03f3df04a83cb70d7,Ginnifer,Latus,Plexiglass
7b617aaf79f9b73ee8af10ce9301841c6ff44868a980031e2c40cf5ec5efa89a,Simone,Fasham,Stone
18209344e8e222cabcbc05dab095d60df3ef7b4aa50af93f8b1307ef21237416,Nicko,Casemore,Glass
6e57140b4e13867a64d150e735e0c836eccbc1cf81f63b954cd5f41fda6bd27f,Steve,MacLaverty,Wood
259d54a89bf5b911f827142d43201b136eaa60ac088744c98ddb58be235c9e9b,Tatiana,Bett,Plastic
88e62046b05bf4a342c99d8d0cd5221815ea7aefe8d35fd020db41d506243a8b,Martyn,Tuley,Plexiglass
c1bba7b1f64bc52a21691a24500eae1fbdc178a74ee19ad1d97c3f2ad676d6c5,Wildon,Craigheid,Stone
aec9808051bb128e2d8702ab29c1d6594545258bee5df4dd985051fb4b5ea8b0,Augustin,Curling,Granite
341dc318ef57ecb5ec9260b54af1493da5116e8bc06f6f8356f3bcbfd3089675,Maurice,Rumgay,Stone
93e652e30bd47bfca28fa2194fbaabd31fcfbe271da0f7304d93de2ccf3add11,Kristien,Boatswain,Stone
3b594de6ebb4e092ff6bf064df85a9448f5d566b7799559538e2bbc5f536ebe6,Nancee,Restieaux,Stone
7993d1e245183dcfccb9529a027568bc9c471ed9321a0f4473dbf1db5cff2f02,Scott,Petera,Granite
f493b907a2ae3cf80f1566b5c3c32c5e17f8d5e2c1a0c7f1fa9e7193fd4a1ae1,Clarette,Fleming,Rubber
8ba9f6e587eb4c2be2edcf546cc3e1dcc4b41efa889843b7f0547bac8377c9fb,Sigrid,Ianelli,Stone
e2788c92df3763b90f7872487ca964549e9fdec75933b4ae991fac5cc9796510,Fiann,Haglinton,Stone
c26482517a51331dbec045777c6a9d1facb861984894c01c40becd581f383d11,Margette,McIan,Aluminum
092cac35d4e32c69665e368a4b632bb9a37ee2b419b3b97346cc76d9a9810d51,Shay,Vader,Aluminum
4e1fd71012e910df7fabc37ff824ea1209fc639a55ec02409e3a5b6263742a3b,Jennifer,Collop,Aluminum
95ad781c928e6de66cf94776ddfec4a66d052c65f77dbec8df0bc893ad16e2c1,Jorge,Grinnov,Vinyl
782dcb2bd405a911912c0382cfdfa1f313d068f7347666cfcc1470599348a815,Weston,Lusher,Wood
9986955df675b444169d433bc28652a4bf45a7f8ce5c46df76f1839d0828711b,Misty,Woolis,Wood
f8dd83782c2b7a2e54c80e8df9676290132c1fe25c94f58cf4b0478180735465,Moss,de Quesne,Steel
e2b9e504e468ff2bf029a66b303ca4feafe47ef186b64444d9b8242276e0227c,Guss,Greschik,Aluminum
40837f5d8301aaeaf0008f08602f28b4ca6899649b38c8c4a10f261e2fff6f52,Daisy,Goodered,Rubber
88ae666b799aa5695fd6c9efacbce942dd592df50d6086a95115a541161d55a1,Lionel,Abriani,Steel
52d9ed4dfaa6b3f42a36c011622f224c53668e734a841d32f7d2a382bdb10c6c,Israel,Nye,Glass
24c0dd5fb27810e58bba7745320496fca97bbc41e3ca8938c2af3d851a5c3e1b,Jaquenette,Carden,Plexiglass
5b9cb68bbaf56795c7dd17f5b2f06cd29f5141cbf309162bcf07d3320fc944ce,Cos,Sessuns,Plastic
5fdb5dc8230f9e357957a42afa54218c621502eba87599c3f30eed072f29df80,Merle,Scola,Plexiglass
d2bb50ff94496f519ad4db1e31b954400e60f48c02e05624f2068d047ce68984,Toddy,Rigate,Steel
54fe6fc5d79e4617e78767c3d76891a48f9134449ead6cae10aac44207344455,Tildie,Somerset,Stone
af055b100897953840bd02889716e55ee6d613a3cf2ddfa801af1ebd638d5ae1,Gussi,Spencock,Granite
d42492d38e7887ed42bf33a518f2b631d1968a5d7f3a7c0a92065b6ec408523a,Bard,Joannic,Brass
9ce339374e11b61bb99270a2bdd72e4640fcab1dd39333c61447f25d31a4d4a9,Henri,Trusse,Glass
acc6e09b08839cf463cf6fc63c57d9cf1074588a7187f8dfabbfaf688de511ae,Roma,Hordle,Steel
b31a2638fd38ef6210f993b11981d143f156ca6b8e63a1c88fc0c1677133300b,Paolina,Lubman,Brass
6175aa4d5f1d9190a57f0bf9bf76957374843fa37b3793c4840261f90216392a,Garfield,Rizzillo,Vinyl
d7b9228698afbb6b70bf76370563129594b72d27325e6e11472585cc9dbc70e5,Friedrick,Ellams,Glass
5ca8a96e1cfb259def49b55ce5be6a2c488c67e94b26d34e50188c54b25ac52b,Minta,Sanbroke,Plexiglass
f2aa30550493282e52ce2d0f61d8aa870d7d2d747421ea400b94d722ffad031e,Wynn,Birkby,Steel
a467b53b797c62af7c00e8eb920b40d6af5800fdda645d248a26880826215e0a,Valma,Leguay,Rubber
528a12c551c6f797c6f980b38895229bcb70fe85604b56a9125c0a8985f1c72d,Hy,McPhail,Glass
6c4551a5b87c3928f855088ecc48979e19238eff309c2987757f3e1e027c4f50,Perice,Titherington,Wood
25a36c248ade6eba5a4750b1a074d03fef70a7aebf3ef4a8d1821490c56ea724,Anna-diana,Phinnessy,Glass
a4dd3e89b4032fa9f186ca771317d264adeaca6ad4094701a3cc7f5a3355a493,Noe,Beardsley,Stone
565eea251f6c9cf951305eba2d3a19ea9a4e4fd73d23bee972464767f645bb8f,Lea,Greggersen,Vinyl
763a20a4b53a8cd217ba013bd0dd9e5479919053839cd3094c256506bdcc2708,Susanna,Titley,Brass
6320f0fce973879ca6f0ef8991dd5b66045ce1802f015cc41552b092c5027246,Obie,Enrique,Rubber
d7b5f9749af542a807a617b2ac4d4bbbbef18e1a23ed8528221eb3b5091252d9,Miles,Josselsohn,Rubber
d763233e1bb841b688a20b9672910df7f9466de9b7e9c361c3979b85b4881e71,Nyssa,Leather,Plexiglass
241a5034f8fa0f96f8d1e07f493a822524f25e948c798da7d37f254f172d7458,Iseabal,Mallord,Granite
85dee759d2c1fc9ad874aa4240dbc30c482b37693e238813572a9583b76adaa2,Tiertza,Bessell,Rubber
6c7c45f9383633c7c8ef0abe574e6fd971c8ce068be0ef1bb9462b7645d7f310,Merwyn,Standring,Stone
aaa99f743b2bece283b4ff70dc1d7fcb3741c2e11a4492e10d3e98dc68eb97c2,Seymour,Halfacre,Wood
9e8796986cf568ee38e3e58bfb57601450aa70dcfe810bcab11b3706851d1831,Osmund,Petruska,Brass
eb91611b71a077ce04b97ea58a255a67cac5cd234035f267240d1bff4c4f881a,Jillie,Dixcey,Granite
c9c1e0e86ae8b9f9ca57f32f35881a20637c8d5c18ef5e9b7619487a94432231,Camel,Badger,Wood
6497bef6d85eeca1e0193abe6827b30200e942ba0cd4b6d56d710d10a48b8d11,Dieter,Najera,Granite
bfe72ae0750310ac4adf066ee3b887b35a1013e049f7a720e220c6d4ee49d0fc,Dian,Feare,Granite
ab592b8779e6d947347154341d7547d7e6c488cb9863bcef4de92cb9aa08c5d8,Humberto,McGall,Granite
f863efb503357776e9eae3dfc4488588ccfa004e095142282031f30ecb59f9c7,Aprilette,Mogridge,Aluminum
ff60f561b809b1a4aae6464e1fed11d1e20594f86c390b4f0d59acc81c32caee,Uri,Jozefczak,Steel
5ecf72f9db1ac642f5faff7b961add5c2f0ddfebe1c9ae71e2e5c57ed764e805,Lorenzo,Crosgrove,Granite
d5ae0a6e13019907271230c1f056ced9f56d847212ff8f054199be5c6404d0cd,Malena,Peatheyjohns,Plexiglass
67af341c7835ace68364359a5a40c2c560e238bacfd8bcadb3895e68c785a2e2,Marysa,Brave,Vinyl
53544f904e8dba2c15f7b329b641a640a9408643429ef0615a0ab726075a2e9f,Fleurette,Maciaszczyk,Rubber
89108a499c43cf4d2b50cd77b2576ae754c06d8a76affa1f1817b9e25aad9f3c,Zaneta,Chesman,Rubber
af5bda885b89c66d1dd7c058a82289a2ef3f7d88b998dc90b3e6d4bd624b146b,Georgianne,Cogley,Glass
af05356701de8245a695c30340e1b5676f6aaaa185fb96cfb76af22a1406dd22,Hobie,Letford,Vinyl
0d75eb32950e9a24dbf7119e49827ba871822b4fa25c299ff201e921b1cf2e9c,Vladamir,Aglione,Rubber
42952656a896a7b5c91b6c23e29569639eaf813423a921cff065d754c41ccbf5,Baillie,Kulis,Aluminum
632f2b17e39038aa4fd9d9a4fe6ae087af80c60bbc505e830519442b6a42db02,Pegeen,Astlet,Granite
b34c4e086022ced019bffb15c9cbd8ba338202356b07022797a4043d842b77b2,Bernarr,Khristoforov,Plastic
42ec3f1e1d35580bf92b6b1e5f4c6b5b3e857da9c59594ac323d810507abdf94,Deeann,Broomhead,Plastic
4568af30e5eec3c21099265ab2b6958f656b4356dee35bc6024214a59838ca0f,Waldemar,Piesold,Brass
bc318b4b92d0bae33371ec45e98f229d2f69b4956c309b74b8f72842d872be10,Orson,Leadbitter,Vinyl
6344b733c207781d33e04a5ff9f829630139894e7e1f765e731872db07d020be,Mallissa,Wozencraft,Glass
7cdab740dc6092f994c78a4f9bf6bcb054475ce278d3d2e9dafb76c3c2217ddc,Emeline,Sigars,Aluminum
39b8841fe22b60124c096d0bc9dd72783c0677482deead46ea3a7b36a517bbd2,Ethel,Tuftin,Plastic
bc2e2438bc8b2e931d0e57369b116a5b2342143cf33bbd3b10219e6e2269ffb2,Creighton,Cowley,Plexiglass
742b2e3188d667fd200d342f697169c408e3bfebca85649358c724f238397474,Alessandra,Beazer,Rubber
a01d9136f178fa1ce17e69f1ab1a70483066348f134bda1c4edd6e9fcc53c2f1,Ulla,Montilla,Brass
971112eb3caba914bd5663ba32b42d66da8174265fc10415035e2915ca484585,Delmer,Seven,Plastic
9b533170582f39191e507a65b2c35ea8dbf5cac2ede4ca71886dc739a66f1eaa,Moyra,Hallward,Brass
f4319b351f454b6b75139f77cee58684289644ce266c6bf7cfd7423d13856a18,Aurora,Welbeck,Stone
ef236797cf957733a09e904f0b45eff7654d50f2862a9b9fad4e1a5e8b217fcd,Sharron,Gadsby,Glass
1396fb99d2ce64057494a8681a507ce1febe8aafd8fe183ced0248c668eedab5,Farr,MacNucator,Steel
e7333ae862a457451999fae71a6af6e52f17d6bc9ca1e6ee7f2d818dd0bb0ae0,Mercy,Garry,Vinyl
f415c22c4f66b8149d31b15ca3a699710ced6cba10aab2f0cd449c99f4ffd44f,Baxy,Maynell,Aluminum
6aac1fe833919289317df5db127178e6a7338fd4150740249b41aaedfe918c06,Deny,Cattini,Glass
01d0cf80343bfef812d45d46cab3b4c42656a1ecca25c35784e1f7e6516ea5b2,Hilario,Dennick,Wood
1a0dca32be402d747860a25bc39d812d4dcab5d877a710d455de0d8711951894,Cleon,Chasles,Aluminum
252c09b3f6e0094c08eb9cede80a44f6c10c6af1bcaa83de77ffdbccb8eac970,Zebulon,Kenrack,Stone
3372833a9b88661b2c466a5a5f91118684688a7d7322768b5dc4edc2d1c78207,Tanner,Rathbone,Plastic
0969c1cb961d636a5deebd253868f976643a6ac5b1fe63a89c7e1200230b3b53,Danit,Figurski,Plexiglass
7a4ef83565d6942acced9e2bc171c65a2122cce6e33605caf0ff033f0918e5b3,Myrtle,Ronchi,Granite
1a921e68fd42495a551390e26585bdc2fbcba9e664d024476ef53a446d6de58a,Mada,Murkus,Brass
44cdf53340f8bd0b9acae5e514bdb44228e86481dd4bc553fdeb2d0afe46fc8f,Eberhard,Golsthorp,Brass
6a3ed064925c406a7210f40a18c24ee5b4778d26f8b0a2ef0c9ec1ebbcedc6e6,Bria,Youdell,Brass
bb2c969e1ddce8436b5aaaf4ae776dd007858092bc3f53d0a148c3bc04f85937,Shea,Royan,Rubber
f94c4b0e33f3307e8361e4fc9969fc903b21e28618b6260cdd499f4ed46a028b,Peri,Hamelyn,Stone
ecf2919ef09382ef661c13233ee248a8c25fd7add4e186cbe2944702aaa22889,Yoshi,Brouncker,Wood
a1089a01de39955ec6a1df28fd18b71e91bae2afd75103fd645cc180115f537c,Mari,Gimber,Rubber
c1531a84c110deea3445c1de8bb10495a208e05e5644d38197575be164fb1b2f,Barry,Gaitskill,Aluminum
17e8970b1f24281f81f8efcd214a0dd661021f41b84c9c8daa1b4caf9bf06d46,Judd,Blaxland,Vinyl
b7df7ac6064985b6c876f88e52f5cc10f84ab661919a3d4938ba8bfe0bd34702,Goober,Kohlert,Plastic
0e4710107ab77f41cdf3cdd17655c68042a61cdead886b20c2ff457b6233df03,Barbee,Kirkebye,Granite
13f3f6b5144fbdba638645e2d1e9ae28ffb4f2fa0ba610d93dc4e2f2d0123c6c,Stevy,Girauld,Wood
d7c6eef0b4e4c240840eda51f82af82e4a2e1deebcbbbcbceabcdafc17f7ca1e,Isadora,Heugh,Brass
7204cb41ac21c10b3ef8ffa6227ead037e76005a8a68c2e903fbf2745975fef8,Lonnie,Harnott,Stone
f32c7899a0a661366afc23eac80d3c06f823a0e99d80f08a2df2be7ff197ea6f,Lyle,Mattussevich,Rubber
9c908724de02463f0f66982c1914c9c79d81a9bc87dfbc006200081d9f110fc9,Otho,Goskar,Wood
50a80ed1d8151f05ffaaca6cf5f4cad6eca705e6780724f4a80a4b1ac3ff8390,Krystal,Heller,Stone
cadc8afe0af442c54b30e96e7af5aa88c89fef286c3a01e63a62f4476a952a16,Mayne,Cochrane,Wood
ef474639d93c9b7fffaf04824ff0c594e790dac22cae1403592b6a7160ae691f,Ronnie,Aylott,Aluminum
3f7031bcafeda2020f7647aaab2c0b2eb4a3e086e1374727a71905c588149e64,Greg,Thickpenny,Glass
44eb63688c48b4e09a08e940d491a6999cc010e37dc3e610f079bab982b9c08d,Lesya,Antram,Granite
b6bfd3a05de59928eb67dcda0cee79af8cb10d87223b30edd331f2b16e04e78d,Fulvia,Daintith,Glass
ebccb44e3767f33145cb7cc090407569a3f0db6696e217de7eace1fe67f1ea2c,Carlie,Worthing,Rubber
50a1bc7ccc1a66767a3276f1c62cccb335684005c975c1ed73f568aed589f9af,Lynnette,Hofler,Vinyl
dbef20632194a36703ecc3d22a58bb99900ae7e21b10f3805e9e46762df0f5b0,Adina,Harsnipe,Plexiglass
57cfd546c95ca5a7395dadc7bb8d10b39c13363ec42a3af76a29885986baae66,Bonny,Stirgess,Glass
d657d46cbc6957f62b9f1073319f2db1d7f62c7e67f60a0554e7ca6af03fb623,Sauveur,Babe,Plexiglass
2083bbc3fd4f084b1a5afe82dd568eaa3942b039bec3401673b1138fc9ae330d,Joshua,Macellar,Steel
a88c36930fdd3fc088afbf8666a2a4918d4bf3506e003d3c23dc2cc466b50c0d,Pieter,Kiddey,Steel
d6933eb2ba1aa6c57c519a623331509bf22f7e2580b6661f69d44b60cd53c7e2,Giovanna,Scole,Rubber
da8502156af19a89b91067225e47dc3b6861d9c66f8224e4cb501612b6622b78,Shelden,Boles,Plexiglass
bec971b58e4467a64f9870bf453392f73a4b43dd06e541ac823f667c9bd914fd,Renault,Klamp,Plexiglass
4ee324a56862181675541dbc0d01bb40b483978d1d5a9fd2f895d3164e51c318,Quincey,Kilfeather,Aluminum
e3d5fcfbe490161a1d43c984adbf4fa6abb7b2d7427f7f5cd31e380fd1e16973,Avram,Mouget,Glass
a8b40f9fa6e7257c43d79a2e0aac2e929120cc24c2bfa777677256425a3c6eb6,Leora,Lavell,Glass
e090acd87a5d370c383597411f53cf760960735bb3471239aa6f1f2645bb6bdb,Babbie,Fratczak,Plexiglass
1e2866a824a3a8ee4e22196e03978b8db220c3c59219e34b3764f489a35b712e,Orelie,Wyrill,Vinyl
5266b4c7b3f23154e1cce3fbb809fcf9fc46908159b3a6b39e2f4183f180f503,Carleen,Baseke,Stone
c989eab98908c2988638e361f31220e224696444bfc2f8f2e6c8eca5cded0604,Sianna,Gounod,Plastic
cb73b7dcc6d4400cce58b13fa81e475af7c47055ffd9a947f2c3acc05cf10906,Doll,Chaudret,Steel
a9abfc20100e0c5aeae7d01f8710c41b6d11c102735f88e9c02e7b1797442b35,Brenna,Dable,Vinyl
c5c1c215e026982b21c8438d3024da2600e35f4717f28f469b9013e768a5ba19,Chere,Syder,Plexiglass
2c5ffcd88405ab4921dd6664d982a147b1f3f4005d2a3c4150bebb6cf5522ddb,Sully,Kiln,Stone
e77ea956e64f9cf5973461d106f94f1003edb8ef4ca65bd1ce41554a3a70df64,Genvieve,Mauvin,Stone
6303b2b1a2678cbd108dbf3629f088a82bc4bd3308bbea10f1014168e5b9ebd0,Genevra,Maynell,Wood
4a90b2a7e52aa587c28147ddd60523f2eecf0e048fa8e48653b53b545758fb01,Deane,Thursby,Glass
96dabf5c046e67fa1e1c58dd55fccdbb9d6a324a6d1ceeb8780ddb09be9a1477,Opalina,McGucken,Rubber
5b8f098366e439f8e34ed6a9da032decaa26d20dc92221349742bbefc56206f3,Sheffie,Knights,Plastic
326b736a47e3db13d25877719f2f4e2efb515f95db37994dcd6019ed64bc8638,Tillie,Hannan,Plexiglass
d05054b3e4034c521b815398ada8d120de86bcbaa75aafe6dfb83f7acbbbf4f8,Rosco,Ashdown,Rubber
e58c22f3e002941cc5555ed6f3db71269c59eaf04b1d019dc33ec7d7237256d2,Artemis,Bishop,Steel
772bcebc43cfa585b524546aad78e9e839b9e7895b8a1daf3dc9c69a4a3b40f5,Raimund,Beddis,Wood
2004053ad11f9fdcb8d2faccf641eae1f7a98a948a3e408b8fd10de470369dea,Kris,Simkovich,Wood
01a018b927ec3116fb4325861db8b5725e637fa7458e115d6c5269a7bc363251,Shaylah,Heliet,Plastic
086b4688bc875e1f7472d57aa177059a2bc52d7298c910d26e5bea4d8b46fb92,Nigel,Brogi,Plexiglass
52f73a0ee3ac6a425e48f823a592853aaad13e60ce2caef3c5a3a46082bdc53a,Lindsay,Colerick,Vinyl
2a2faaac6a46436a6465adeca626e7cc109939bbdc3871a1d9f60773ebf3c5e5,Lacy,Teggin,Rubber
66da5413fb3f47f8efa61938afe239c8edc1378a83a26efe0b929f1f1e003291,Monty,Brennand,Wood
35693d8b62bad504486f9e1be1ea5777fe900669efab13fd144927bc9b437d74,Dalila,Dennes,Wood
c0bc78c3fdef01754a622dd78e668cd7e61db3d65c934d16fed52313f37c8921,Margo,Lovat,Stone
4ccd1e8bd64d6225be40da526064aa47dbfe3a5902048dda6f26e6a9a2336567,Kristo,Kliemann,Glass
2383cb41c07ddddea758ffd0508d347c701a37c08acfe2d934404a304c67a3c6,Saxe,Cecil,Wood
e50f86ea18ac815f5808998e0d78531b3ca79b4e44414c52a8ccaa681db9543a,Glenine,Eberst,Plexiglass
481c290c07c97c436e43028395ad9ec6321ae06c706b87867cbca85e55b0f2de,Siouxie,Powell,Vinyl
53a5b690f03cb5730a878bf339739b88b26a2d1515c30cc2ac255aae898643d0,Lynnette,Ferras,Plexiglass
aa5c03162059437074b893e29bf53abb3365df56eb23265547420edafe81e52f,Andrew,Bende,Plexiglass
76609739ad07aaa3e4bc2f0ed889e7ea2cd7d7dcfb9fc5d940cd8a376e96f8af,Joell,Salters,Glass
a1f73a0e18755238262caf1b3c51b08a4b730cf2cacdc796eeeb6acd1b76f143,Britni,Knotton,Brass
6ce053c1533f6e9e58f26a996a99cc466f75ab277507e849d0e5ac0622aebcc5,Evaleen,Keysall,Rubber
9824411a8292d64479f936c836cae9e1e51a5731870c06b68ceef8ee3d5b2bd5,Susana,Lyford,Wood
fd290ef2577db06528b87f110fe60d761fd227a549f15fcd10c568038791f06a,Yoko,Pesterfield,Vinyl
12a90f6324ed701804f36b565c035be16ce28a48f27b34ee1e1dc9966f1b26cf,Hope,Wasselin,Stone
a23acf7bf43f649b39032a67d5336219fd8a91b1942aa87486c0cec97c369069,Anabella,Gallagher,Brass
8dfcc819fc68e52579688ef266a77529137b82249e889a104fb2980039700345,Wernher,Funnell,Aluminum
a00a70f5e87afa200090db99fac7b5a9aad04990c85412c8c02957fd65800477,Bengt,Sheals,Glass
e5950349750cdb49e351b631859382bde3f34e6cb4c9bc9181523f00b4185d07,Sibylla,Rodrigues,Wood
a7433d147bc52f841d0de4c0110d39dee0ef0571840492a7fad5227e21dee91e,Andris,Lewinton,Wood
82697d914883ff0ba30820d53ce9cf03607efa24690bfa0ac81a8ef70c0154b6,Haskel,Geach,Plastic
13b3e7a9370b845aa23abbab0c16bb973d21567c5ea82d62e8ccce44c1b47500,Madonna,Auld,Granite
9395760bdb364ada104323510f6bfee37b91b67ecfeecfd8984f2614ff5d4d9a,Mufi,Oliver-Paull,Plastic
0c6f537286357d04f7727a9943fc43c4afc7a29f64bd8217d890db1b36695d78,Gianni,Setchfield,Wood
069d7622a626a0764553f763b190860ade33fd578ae873c6844e27bd75120090,Noni,Disney,Brass
74d138a5c9b102500513aae8ee94d19789a98ed6c49c8a491f638892d61f5e81,Nerita,Paoloni,Granite
a9acb57334fbb560dbd984db3236f246f0de793ede1d94f709bf600f29ce63a0,Howey,Clarridge,Steel
7f5f4441b9faf06a5d20368b86cf3a58297fa7b7408f0a044fb80d8a300c26a5,Chane,Engelmann,Stone
16a88fecf972542d3ea018fdceaeaf959a8afc357635251520fea6d088295abe,Tiebout,Lotterington,Stone
0affefb71f8295febb37803246c322d209c315ddb5438adde669b52cc2e7826a,Lorrie,Baus,Aluminum
71b242ff2bc150bece10ff7705fd9c96f38ba051cc50c16c3a32027c52dc6edf,Tamra,Dilley,Steel
ce98a6a21f4d1b2bff5ff29859beab89339e88a318ffc6c13df2fb2d5446b662,Kris,Mathe,Brass
e23df6b2a107d92f629030f9de616cf1124f3dba8bebdfdaac3f4253ad8be516,Maryanne,Dewer,Steel
3a0515dc57c132a57bb843c2c24c3b1c849ff89875b33804164fae061d40073d,Shem,Dogerty,Brass
682c8d6e46ed71f50af6ccb33f00d6e4a9963a16bc155aebcc7d2dcc7ec710b8,Nickolai,Bortolazzi,Brass
0afb43c4ee667eb629c03b97494fa96fe656f724d18e16f480c35ee6ec52ef02,Cary,Saint,Brass
78f182183b9c0a1549422ced77ca084a8f316a4526937bb66ca527e4f40cceab,Kessia,Bolf,Plexiglass
d2caae380e84ebd02106df8542131319c4a9b83dd4bcdd725112c3b47655ffc0,Madlen,Brimming,Brass
712faad8ed3ddc7e2187ededee997d09e74ce9abe3086fbd01d1c1bfda1b766e,Kenyon,Billion,Brass
9e86b8d4a4d31de836c1b8718ea4bd1a3df9e6866ae545d1a0ae35411ecfcd16,Allina,Searsby,Stone
c904c5c45e47e8bfef9fd249b6a414be78546fe696cbea02b01a03bb224259cd,Milt,Prandoni,Plastic
0bca29951784db352398df7ec7647a82a4c4a7c0aa1870da5abe9895b07a1a67,Zaria,Aizic,Brass
83566cb4cdeedf6b7b136e2b5fd9dc8951ab28b9577dc57f3401ec3cc5c2c061,Davida,Shiel,Stone
ef95c4739d9056fbbfdfe24132992ed2a767493d6d1d2a61d7d173665698ff27,Francyne,Doak,Stone
0172e4d7b9756a88926c374f20656bb0513dbe8d0ee8d05d4ce0d60392b4372c,Kennith,Mallett,Steel
b2964e05a69a416ca1af28198431b8f440720ecb3ae265b5360108bdfdfaf39d,Barry,Daulton,Rubber
9ee0dacc4f1ba3df274a5b070c1f5bca0890253dfd4b26264e850b882ea06556,Hedwiga,Stedmond,Plastic
c843a9a25ac58a0343005506cfd64101abad6020bd4a4e2ce798e80c7d021642,Lian,Sked,Plexiglass
9465845a159d1a7cd1c6c5587c53ec9c789e0b3d51b707f562cc989ae046d410,Elden,Kennelly,Vinyl
ad3643066cdaaa76dbba70fdd1741d3d7d22078aafc3fd5ba0c767e26149f654,Hildagard,Van Geffen,Granite
98eff2f22b1944375639392f4dd5f173a150f01801bda5e75bee2f8a01017bc2,Briant,Ruzek,Granite
42cd03baf32ff87780a31da996b19f16b2c65f122023c6cfde618ed8c2fad665,Lucina,Rosso,Aluminum
a7b6085efe7b7ea90bb0bfb87235706f0eb313e30281039a1e10a3d7084cdaae,Janessa,Bubear,Plastic
6143ffa2c87692bf123a3a3134ccf6af5ab10b8add8d6d52f857e86c85923cdd,Corrie,Stokell,Rubber
263c66f566cfc420b700c3b4f0d4432b192dcd1788fa7ef163c72eeaa26a9aee,Odilia,Silk,Aluminum
459b3de3b8efe436284df9f1fb1a2f19d76d38e0d5f78ad55f1c62e5abae86e4,Andy,Stolle,Vinyl
b806424285c799355ca4f7456375f8135c58f54fe2c6b00b0750baec1c2eb481,Chic,Jedrachowicz,Granite
41a9e6e7b6e224e0df2b812e154edaa0f3b20f5b678d68357039e693e20ec8cf,Bartholemy,Priter,Plastic
a5b3429281ea4cbd3f747031d0d29afa59f395f8035d46df369f28394699b663,Tommy,Yakob,Glass
852e3c8e2a279e858761a11fa5878e9506da89e7db8a57671201cf8ed482b1b8,Riva,Handsheart,Stone
c5913047c6e0269bcae6b2de92787a4ea39c1df5f3a843dd6f3912ceaf5ceb6f,Anita,Horry,Steel
9fcf8b5b9e96e32b5c34c9882be76d74077a87470ee76bf0cd41769774ab234a,Del,Crosoer,Steel
de634784a3dce75e8c82cbde927740aba79735f33d1c046fdecb4bb0d1a870bb,Ruttger,Morrill,Rubber
8dc0cc52254b465a47754eec89508e167f910afd0cfef0c12324fa70d930ac40,Marieann,Gilbody,Steel
35d836b0119cce8493a6ff92e4c5674ed773acffae62d16355833c0741d3574a,Bevvy,Witch,Stone
324f48df968a2e86072cd605b9f7225dbb664fb8e21995abe17fea4fc1dd79e5,Lacee,Dumbrall,Brass
a2b7b5f7561d154109dc9e393a26723a54c05773133d0591dea9a671a31464cb,Traver,Newitt,Wood
30fbe998eb993aff6d403f1e9e3b17186ee65fa874ccb0b5f498e21171da3de8,Norry,Smurfit,Plastic
c3a072c70303159f1e88c75941f56cc37a3104ca22a80c6e506cc49a4458f8fb,Peg,Rozenzweig,Vinyl
4508acc84391f33b3cb7181b682750f9df4e9d82b5ff94a3ed01b3d08143d999,Marcello,Stenbridge,Vinyl
00706e3f7fa49d82748cecd81c57e42c4ced2a5fdb1a19ec33aa81f91475edb3,Cozmo,Mannix,Granite
c8cee5d8bc96fe5c757d6f24416743d4e37f670c2279324602b34f9c4a439d9f,Lanna,Raffan,Aluminum
8cb83f3be14d35a51d96d9ff4a8be1d90c0a5d942936c0acf794fcb7db6f8a76,Hi,Collingworth,Stone
5ba01f7b3bb65910fe8e5512f14bfaa01740428f04049842e0886c77e8462611,Arvin,Houndsom,Wood
feb796b796eee1575ffe5e4b77f41a0a41328525b7658c7b769780642411322b,Meggie,Ledgley,Brass
64bb900e0fdd0f064f335ed21279d2597104f04a22217e9f138f6059e6a18a2a,Jewelle,Beszant,Granite
6fa7da0330284d2eb1fdab62b7e706090e474a7db2edeccb2a36b0ff1a460c39,Sayres,Stockman,Rubber
05945e213c58d5d6a3619ec2c855040fd64671236840c288835304168028db62,Homerus,Gatlin,Steel
01fde0a96544a9e2ee2d2d1a5db858c0e0418aebd7856219a048138693868d36,Marshall,Hunn,Plastic
8e1079fd59cfb5659babd4c67133ccad2b316744a8773b7656f616c9d1edf452,Lorette,Meale,Vinyl
d27eb1d6febec56d50b9883aaa26a8582f3c603ed227af61f138e400690f1c48,Stearn,Bengall,Stone
d1a04aa2ba218441d642c709a99beda91455160d4b898d5bd9279cd766fdaee2,Beale,Pitcher,Plastic
8c3179d6f14e1eadfb613816054fd1bdeb1ea09b1a103eb88a86e08e4a0f3ac8,Quill,Hearse,Rubber
eb0fc76ea71d042372826a07b55037bb246a7085c4328826cc7ed4d701bbc2ae,Nananne,Diego,Aluminum
4a4ffcacb31da938d752af05e4cfd757bac16e496c9976e3b2526cff7f2d3ab8,Harold,Allison,Granite
eca6436180735c3b5fa1c067f76fb67fd1328ae353bda7b967013425816cf5ab,Mahmud,Serginson,Rubber
bf5a831ea764f5e91026eb9e85ef61354864e5d7fb33bb405ba70309f92db33b,Gwendolen,Able,Steel
28ae9620bae4651c99262dab13d99314f541b1d2188659dfb6697a9e42c726f5,Suzann,Crat,Aluminum
18f3f90e144d36d0e91b5a983ade9d568a51a089062f469f5c737a4d8798c683,Raye,Jerratsch,Steel
05e726bc69d17e7f767c5dd9ea9cf77c296408d03830ab206996208970d60040,Ezekiel,Heffron,Plexiglass
29c4befc407e52be3c42e6ee5c4d03dba9dd1eb748e0d904ad22aa2567be0a5c,Kathye,Gobbet,Granite
d18d94bf5a9114ab261a5a1c9beece6546134d466572bf98820ee1ff449ab48a,Kore,Mellody,Wood
9a726ce54ae7e46847aa6b007b9b78c2de00ef4eb8f105b497eb8bfbe17407df,Nettle,Menat,Vinyl
dc4db23fc80c4381810acc438317fa6590f7fe58b7decfe2c0c394ec9a96fac7,Jori,Pieter,Wood
a7f2ba1b13e39e498716c0453647609f13aca51247c36c4e40fa5cda74ee4aa7,Amalita,Paolucci,Brass
55a1271ca2989327f23a20ca3d2e65dfc7635936a645d6c23f86e9d500b3b8ce,Cosme,Ketchaside,Glass
a7d563e6629410f276179fbf31b2736aac6fb9e808cd32e745a70a54cfcd5589,Kara-lynn,Hull,Glass
0843cc40d0e5586b23195f719b3c140bf24e8778b27e8dbc63b3aaa7a7442c65,Pate,Manon,Vinyl
07380d77cd2b5318ab4174f4a6e57b08e064e8b07779782c1fd48b913b8949c0,Emmerich,Sturley,Plastic
863f1155c558bfdf1e3435ddd9b77fd76df21539f7dafa8aa5f046430ff45fb6,Merla,Cometto,Wood
a8697ecd6d2e40a5d7ab75574f4f698105423987ae28381fdd4c7d9dac739e46,Glori,Emlen,Aluminum
88b6e4c8d1640b165f2d051b855d0dd0420a97591be8aac0b109d57bfd64701a,Yalonda,Bartolomeu,Brass
9f80a586d3bc3febc52d8c469777810877530ef545479b354462d2d327a216a4,Ted,Galpin,Aluminum
7485fc91e00c5ff7baecbc445c61570fad535a86954335cab65abd25bf500511,Cris,Webberley,Plastic
5bcdef1470482322d3abddfdf91d9b74da87e7a797718709c4dd56141d16520a,Barny,Lambole,Granite
8e5b97f293f6a3585907ae0e39e2ec9e835e4d3247deb60a227dd93b5b77c33e,Miguel,Boyford,Granite
eb6464e3fe73d1d4c1c141c35069d7137d74f0c2bb7fb6fdcd89cc9479678cb0,Mata,Colegate,Vinyl
526858fb0b355be552cb4eb7ac7d32ac0589271fde5b32b09af71361c45795b8,Marylinda,Silbermann,Stone
3bc8dfa6fa6b6b286f347ad95b2bb1ea47647d7593bd8f519971d0a52af5d057,Gregoor,Kubiak,Glass
91f48dbc25d8a23b8d842ab4c1a68c5c02f1ddf58efc6de26a2328aaf9203257,Nestor,Wetherill,Rubber
25c8182e083372c81b59416f0651376cd383b38a1381d48ea66cceac90ff6a60,Derron,Willavize,Plastic
64b61f35c8ba94db07caf4b4c94d522be3c3813ee2592d1b5f8548990a3e71b6,Gennie,Morley,Plastic
47348ce6344db888f6c0ff1dd88b8814b460a46d151a8277f7978c1ef041cf0e,Maryjo,Prowting,Plexiglass
4f536b8b29139b5457ad0204954e27ff3905b2bbeeb91eddfaae7fc4638d16ed,Cornela,Ryding,Glass
577ed3793fe204802ce1a2f68320af3ff6c978c53992c5dc963cbdabdbf8eb95,Temp,Dashkov,Plastic
024233bf401efa508d3607d8772a7a49300e971a97c5d271bb370e2773a1e832,Clark,Kenderdine,Steel
c91967af7c8f85ef85775608c5af3fec69dbf0fea2dd0aec8408e7a3201e3304,Ken,Sanzio,Plexiglass
559fd9d4a7b8a996bb6ac063c51df7db3630e381fffe2d8cedd0dd81adb3c151,Dixie,Dye,Plexiglass
cfc551d412bc64d048d6e01fea854bbfc8a0c0b01d941c4c17f1f9db9220483c,Lonnie,Gudyer,Glass
a6fb3f4289fa304772a8df3dff86a8a2d64fef5ddc3937a127080b1184dc6935,Cristobal,Boobier,Granite
e058c903872322e41b1e64f89ad69c7ef7c0d018355705c1851e6e96e3674c36,Evey,Raddenbury,Rubber
649d02cd49239d9cc9218f050549a7bc3ce8798d0e2ef0d72b8b1839d43ffca8,Issy,Drakeley,Plastic
590914a466a1edc367789ec7ca1060d217f35271e324f4d38ab8f251dc3ae91a,David,Kubach,Glass
b07a30f6efe6b9287ac244e5c652c470bc2cf5912322eb044ffca63076211fcf,Christan,Gulberg,Wood
09226c828965412b9099c3937524dec70e29119d84a315d5250eae79002bf01e,Alfons,Aleksandrov,Aluminum
1c28f29ce091ae200d2c186f852706ce8439f5f9d36e01ed4f20fc79bb86fdf2,Lisha,Haslock,Plastic
de60115746a06f7ef5c1091ef55a4b3ea6cb90380fc511742076b879125baba3,Bernie,Maleney,Plastic
e9926caedcb12691a5c12e16af075ef9890c5d1e827fa7cb843c577694f00a3c,Timmie,Bwy,Wood
807dcb0ba47a1390f3aeae35c1ed57e7dfef3dd5dc1e8ba345df70be867df61a,Emmalee,Tebboth,Steel
306f6acccfff0a053f0d26b61ab81678a13aa97b648317c452d120dcf301c456,Jolyn,Claxton,Stone
da0f1fb4d6559c60a5e01a181d753cc0516f4d61e2ffe2db115dc79350e64c72,Lance,Dobrovolny,Vinyl
98d7329ae457e553fb87902e215ed99ee4babd8cea16b08b0e8fa1096285f7e6,Daffi,Maric,Brass
a7e33c2d3fecfcd015cbdd897da6a91fac221656607b3c0d772bfd62c50cddc4,Dimitry,Dowsett,Stone
52bc2190f2bcaddb1eeec5499e022690f4f1820cf5003bcc56e4edc97b10283e,Sherlock,Losel,Vinyl
628b4254950509b94d7b1ac73381622f30e4b09a4647c918d0489d63c9b066fe,Annalee,Learoyde,Plastic
eaa73bee1b7755d05efce09455f6f3bdb234e061e6d20aa2ee912b291d417fce,Rriocard,Giff,Glass
2184ce614d3ee361292e49ebf33ff515f42ded1f3286fb7d1c57421c80520f22,Roddie,Elstow,Steel
6258f8d8bb5cefc7e738e56472186d4f4f891c00f9c7ecf3921aa5acfa9b1830,Annemarie,Linner,Plexiglass
7fa8ef46667faf7566161cf9133e935a8a1ca4c9cad085f6a67b4aae5c19e1c5,Eziechiele,Gravatt,Rubber
b2d56f2bb24ff6da2f1bcc9fd5dbbce0090bdcceb4d2325bce9461e3a1123631,Erek,Goldspink,Plastic
ab79b294c50f7189a4fa086aa07abf5ee76715e3be767ea61a1eafed5afbecdd,Elmer,Farrant,Granite
bd625f78b01c57795d1acc9e07b3b5f282a3ce3bcb6f94438248d23547452f6b,Frans,Ferrea,Vinyl
6e11ce20593c9fcd29f37f9aa357ce74de781652ad9b9d44bad79aab0234c3c1,Pasquale,Griffith,Plastic
5b4db11e6c13581fea3ffb2c8ecef9135d7546cdd7e2079533a2733786eb0570,Kay,Boanas,Rubber
5a7d2149d56fee390de629f9e613dcdffe0d357929576022b4c1edd3a6adbfb1,Jens,Sotheron,Stone
4ef689ab4908ce6c391c41d8657d2f51319b65d87ed5b3fbca5b6ee67e399e47,Grannie,Ninnotti,Rubber
268f627b606a7a16e82ff33c128dca90b5a6114d96966dc4f2bcb6d2781a5441,Doroteya,Choat,Steel
f3fc337288a3f8973d8df4e7b87b99e42cb09fc0e21977bbcaa0b70347ff0f1c,Jo,Pegrum,Granite
a3b7d49e1d4899fc2e75647cf1f59b646115943f5999be6b50d659d4a9c17cac,Barde,Clementel,Wood
f9865bb10cb78beb5e3ec416926e6ad104faf7f9ac2cf7aca38c96a67cdd0c1f,Madelon,Lindenfeld,Brass
dc5fb9aac81a1494b4b22eb28f97825bdead2cbcfed5cfc9d06d514de10bae7e,Ginnifer,Tummons,Steel
d8a2865bf778d4343793b95396fe1facf1e264baf63ebcf662c20595369947ae,Shela,Traylen,Wood
53f07be6ba1ea59316d61abfff3529049d0897da651d8d2c3feaeaf2e4ba6936,Thornton,Groucock,Vinyl
8bea768e95b9c2bdbc69a4ccc2b03d07eaa03857585a0882703577bd8ad15022,Jeanette,Jaan,Granite
084fff5bb9d4bb5e3bf14be52e4b0f75dde5a8f5da7574f6b3f6328a800430a8,Ericka,Coners,Rubber
11ad7363b9afa59c846a46fc00ab64ab6b85fb5e3dc8aac9923fb6bb3c002c19,Jacquenetta,Pleat,Glass
489e3f82e02e0fda302df69595737124ac92e78c29f037a80bcf3edca6a1d3bb,Wolf,Leask,Granite
420e8d9ad948ef2623d19ed153bcf5aafb0a4f757787f6b13e7f1c237187da08,Betsey,Bruckent,Plastic
2276d92b5d26bc09d0d981092bce119b0e5767a8f0cc32e1f68510bd914e71f4,Evangelia,Wiltshire,Vinyl
fa0a16e3cbd203e6159f68f40eecdd89fe9a50555728444b6c935955e2451351,Holly-anne,Blackater,Plastic
8e11e0da94742e07b5866d9dd1795f0823f6679c713530f9c1f1a8011e077e41,Bernette,Muffitt,Plastic
37ce30abec35447d60556614e7cd41e40b0860ad1f76f5e636fc258e57fe7f05,Jazmin,Foley,Aluminum
b8d346e8f30176641d4d9b2d14465dde5b253549c842b754ab0e38d63c012ba0,Toddy,Dell Casa,Plexiglass
b713bd364df1787ac500044edc76ee8b104f934a608aa1ac857d75f56473d344,Gamaliel,Eouzan,Vinyl
b131871974809d7e7fcd73d91f57adfce0f325d489e194eb5a61d511a8674c95,Slade,Fysh,Plexiglass
900970f93ad1fafda0fde1dbea471f7e710de8c744ef42e829019d1f2c053afc,Violet,Gauch,Wood
9a58c44d9f79b54bb1977a3a271c8184493effde9206dac4827d41155ea0192a,Edin,Lober,Brass
88851d47e353f68884fe24d7809228e016def024a8f2cd3d50fccb86a5e8a5fe,Peta,Limbert,Brass
7513011426e88b98a042777c6198087cc596b139b04e01788132001b536f6464,Carling,Vassar,Plexiglass
6e26654a8ef8b07f89f008fce9346d0e24581abe220e4300af2bbceb98bd05bb,Beryle,Brahms,Steel
66e98f1746cb2ca52be238a834c06a9baec9c949155f16942d202e720bd98cbb,Nicholle,Bestwall,Wood
6fc4b86f5490349141ec757677835d32522c4fdd44b93c6697b6eff7d7828efd,Kiele,Groome,Glass
a6eaab900821bb7f1093bfb167156d0825b3cb76f3ea31a0afd6004404450712,Frasquito,Howsan,Glass
4c2e6654c4a98c5472d7a942dc41f25296fe7a5855cda1ff9503905726efe553,Hadria,Gores,Brass
840aca6a7a6981cb5c1c42a7f69556a58c34e3564b80f24c7cc09cf90ef41eff,Margret,Cambridge,Steel
96c63be367b555fdcd9c5009bf591734df8a1407b6e12b0d2195234213fde11a,Nicolis,Amor,Aluminum
df6906fc93c1f010866c65e2680ae357cfbe7d3a341ad999b0b7636e18f429d3,Cosetta,Rowlatt,Vinyl
75978038939e2b42def2fd473b410333c472e89fc641ad6dee229fa4d45f65a5,Donia,Chilcotte,Plexiglass
05d696a2ba43663adf1facd5c04fc90f4af928f110cfdcd6e41aafa078ae6b2e,Harald,Bauser,Rubber
de5ffa78b77fb394615d100ab76c6e9770d568e0aca23f05b8dceb4e33e2e931,Vittoria,Wickie,Brass
dfe5c8aa7af476e42421c08dd2eb4ba2cb01c9dcaf2e2219594ef2697ff71b13,Trueman,McMearty,Wood
8d574788a8473ea5ea3d33012e1ec2fc5d0181c79d4dd489b051077e0a2b75fd,Norri,Bucham,Plastic
87a7a42e12f0db95fa65eecb099af249b9fe3e6b68787b2b417c2063ac229a90,June,Wathell,Wood
a8de1978026d430e25f87b20600e164875dcbb9c63309587cac690de333e3fd6,Judi,Povah,Aluminum
f3aafd0c02c0cbc52c9561a3c1836afeb0a4d04fb8cdcfc6efbb7761efbf3814,Cecil,Claisse,Brass
cfb4e90204feb8e396786fa956c8b315c3fe7f360b52168a678acec1a3145139,Oriana,MacGibbon,Glass
1d3c1107c76bbe368cf8fccb4672567301f5b3916f9d08cfb624e342a11ba73b,Drusie,Kermath,Granite
f5a11fc91791b272646345822bb1fb195716233c2b6a1bb58632f83d7d41d74a,Tyson,Evesque,Stone
0f0838e6931c160a549aa777eb673395665fd470fc65911a0537321d94cff84b,Kizzee,Begg,Rubber
54276092963e23761935721fc721a258ee14fe248c75be6a2e520d27a62d8ec8,Russell,Muslim,Vinyl
a00b53b31d0c215c32378c7d6d9b4219cab30562909bd3ab0a66941e9ba04bf0,Marguerite,Sturgeon,Steel
e0445a25c4848992b352ffbfbc6b02764a02e433e7d55a6fc617e5cd77f54652,Ferguson,Meere,Brass
ba23792f6d565bda6e389b4b713982eae14046e389d90414dae34d9b756eef0e,Frederico,MacColm,Glass
a44f2c20424b89036ccc09e7db7570f1133e2d7d5ae6017d39915ec8471c4fb8,Gaelan,Leftley,Granite
4721f4ee5a38e351d697cc91d28691749c16920bc13de0179e1a16b12d2e6f9a,Agosto,Semken,Aluminum
0d9a11c85e038f588c421d665f883f482fe0f8f48c18a8d071c9561a1bb05899,Lorenzo,Brockie,Steel
c02e6f27e55fd60b6de81f2767893986d96db441caf0e7cfc95e16cadd8e3207,Hallsy,Sparwell,Rubber
cfb3ccd08e0c290f93803ffddd9b70a48ce0c87b774b09998afdcbd2ce0f9728,Niki,Anstey,Plastic
1ee117bf18edbe731c3bc204a54ea98957a091bc7e5f1ba5ee660532f5aa835d,Noelle,Doldon,Vinyl
43ba9a08bc03a0766be1889ba99d3bf47b74124ec0bf82446793311e1a2d24aa,Kally,ffrench Beytagh,Granite
205bd9977c4090caf8edb641c88331306b335d1b345096a3114321dfbeb1b8bb,Teri,Kerford,Stone
b9a1701a19849e1d4c53aee52bf8899982e81472b8097ba1fa6f6154d51ce37a,Kliment,Wrixon,Stone
2770f1127b5b8b59b11abadb49be6d8b3addbf71bc8a123bd149cb7b83dd76b3,Nehemiah,Challis,Wood
0795547616b9577ce03c63f2d5e78325a815f8243dbec926ab1980c523b23677,Bethena,Shepard,Granite
46ff09de5ad891ac8218564b7a9299b8590ae217899174e50be898c33a243d40,Nealy,Rawdales,Stone
5cf864828366fe54d14159b6ca94dba6fb109370df400dfeb2fe398036774311,Jannelle,Kenelin,Granite
716fa4e63315a9bb7493cbe33786f1b3363517aa01f7e954fc672c2d82b5cbf4,James,Penwright,Plastic
b238bd83cdc0a7dc4779d4f2b26f5dd5ae837d821be030c80c1f7cf2ab88bdcf,Davie,Demare,Glass
a4434656c570c3a61c53b58a4fab33fa0e8b2c821e1130283a00fccb431b0ab4,Charley,Janc,Plastic
be2e32559769472ebbe888be76cc754eac5e338288ea570dc7046c263f68c883,Juieta,Garaway,Brass
4e3903311b3a02478b9131d60c87229067282b07d4b7e798ec0a42e7c57c2510,Iris,Walby,Wood
f8ab8b63b4691927229fc982678d26dc7955930482a2065c64983961cbd3ec7e,Felizio,Florio,Steel
ad2f99b0662271c39649860b7e7bc91e119f9bb47136e9f8a92cac20a329abae,Wilma,Huggett,Vinyl
34e73a579cbe34c1597ef5ac4d757e6a3759a5dd33b89156350b2fd594342121,Vachel,Fidoe,Steel
6c4cf90d61197fcb7ed2e9afc4a1c2a87e5e603fb02e6fecde8d393ba2ac5106,Audrey,Arni,Wood
e3a444bc08ae0899d8a4e38770df6b23b21f456beaa39080fe1cd8c8c12ca515,Frank,Scarlet,Brass
d6f75a084df8ec0f1c2ae2b280a5e9d000de0031a97b45aedfba473fcf919cf0,Idaline,Domelaw,Brass
c3d04d36b5e8e1aa01519b39b51e7ae50bf887b706800ecd2b33f3b079fe1da8,Guy,Fitch,Glass
438ac8b182e04aa162211b14671de4dc5e24210c0181aabbe298960eef820836,Noellyn,Matuszewski,Granite
a8681c68c6ec18b3373073bc88ea150dc0709021865c07c99462fb1445497c4e,Frankie,Kunzler,Rubber
ccea1e7ffebc81ca7af65469d519813eaad7681427d8c2d861f65d780879da58,Aurthur,Southern,Rubber
48e820f302bbcf3c84f7ce81e24ca98b6289536e0eb1d36aa1f34b341fb47b5b,Janina,Fidgin,Plexiglass
f44bf52d9866928e6bd7c4ae2e9f3c3d6730c0b4cd6d474de57738faf26a8b62,Barn,Dureden,Plastic
c52e54eca72f4af3be325103f4f595be3f0a1f31d04014ab68993f57d08933e4,Patrica,Dawtrey,Rubber
778a4b68fd5eb743aa66c7c1a281b79ac4f2bf9ea824fa6a317076e0975657fa,Dorice,Griffey,Stone
a00a4332bad53818c86732ff058d548665ad7d91b1609a55014ea2d8181f5af2,Cinnamon,Jenik,Stone
94b1a9e53b5b6d9d00f6bcfda630c170785fc8065075212502d0dbab84accd53,Noel,Shaxby,Wood
83653bac71e493ddc3d891645e944b8ceee6826e16f641b52821ad956f6968ca,Dorette,Butson,Aluminum
4251f3d8149a26882c32da2ce73792a33f0c7c73f07b8e5caa08d53b520594fd,Carma,Basill,Glass
662cb660d6ae933b8dde3f2f36f92f3ac3992229b9fbc0103fb4a8a850317eda,Theo,Rey,Plexiglass
0b5fa2f11863a35c6d1f7cbff663b8f5e833bd6d4a0827681962a3478bb066df,Gan,Belderson,Plastic
c4f2d2f0a3e3c7217dcd3bfa5859b6ad500169bd570b8b2181c37f54c29bf7c6,Klara,Gainfort,Plastic
46c0be30eacf830222a0e2af05a6e1e75266dfd41a43af13326f1da4edc699fd,Goran,Giriardelli,Glass
77242a595fa0a3e1f96dd1d07def649783f774982d4a71c1a7a4e21786295411,Conchita,Christofor,Wood
3339a44e66b223cbde18b18ec685ea80710bf2f191b9397b65e042fd94352d7a,Maggee,Searle,Wood
23b1688d32d82744bb399497276d791bf1f018c04f4f67568f1d5b927bcce5c9,Ashlee,Linny,Glass
8122ca2c4525a8abd40d76b6f7287f2c072b57965a527ac400a2706f09e5d7d4,Gerald,D'Avaux,Wood
ac5a09abc3c9993caf28bbdf67fd01c2de13f84482ca0d5430437a6af5a8cb2f,Jannel,Le Barr,Wood
93d0f4e2303dc7358739483059966fe4a0bc33748a71ccc5a03b5a27b0e05b9c,Doretta,Doxey,Vinyl
1a2e5198c269eb7b8b53009165bc8fa63ad4bd2dc17b2d1e88facfcbf97349ab,Raddy,Stanluck,Aluminum
392857dccc852b86209c17ff888ef5112997c5d24b300422132c3e0e02d6653b,Zea,Mapstone,Granite
2b8fe742db61a59aa25f496162c008ed60218eb2abd63544bf357194d4dd23d3,Janette,Tawn,Rubber
931fda623f453e6717d13f1cc9f950ac1db38d88991cfd54f18e3b91ed6007aa,Ealasaid,Budgen,Granite
dab04e51c3a94846dde029928c6b15e4cfaba83a52ff2dac5166f779beac234d,Claudelle,Bader,Rubber
be9e45cccf343d7aa254d899008bf1e41d3af692589627ab47ec727baf634061,Cross,Brownill,Aluminum
52289c6ce685449d4219f9e340965c964b0f1db4ea04f73613650d7837f0ad79,Ibbie,Archell,Plastic
e6cd4fdeada6cc0fe0721572fea9d539c928f4ae06f5f6a98a903e35a5deffe1,Arnold,Hankinson,Steel
f79c3fb00629ccd9dcd6f8e07319d45150fb360298435acfd03a56f8a27fe908,Ambros,Bousquet,Wood
da32ea1baa95d00b794a32d15400bd8f9af474963773d67ea6e2ca7989efb582,Nana,Sprake,Plastic
6b5f69efdd8d9a66e1d5212ec8a8c0eac62de978657418179c75500e76cb48ec,Dody,Baffin,Aluminum
8b82ec914e3de73245f7335dfec6edbeb43a11643e4ef2a88175d34762ab9063,Cleon,Franzini,Aluminum
3476539187a9e998ce3bba80bc8875cd34859442cf28171a72c582b97cabf492,Bethany,Momery,Rubber
8cdda37f3021d96b0b4f4bdcbf02320211308e1340b425aa81b60d8a5e7792f0,Margeaux,Edie,Plastic
02092068516796bcc0a0b206908af3aafb19c1506eb054464eb3d1e301e98011,Steward,Cluse,Steel
c13775e8fc6036f3a25794836236d6bf4c13a8f412e6aab0827e44c6c1450c35,Bekki,Patman,Stone
9bd0c250fd7ccd8767f08dd1e0945136d8d2234fe14f13c06737beb42b257c35,Dana,Penke,Wood
40484e0f8c042f25fc207027c5fc3ea6da46098439d3aabd5b682a85e923f6b0,Aaren,Spuner,Vinyl
ae5ceca1a459de63dba760601b06d9a845749112ef4f242448d6966f26a146a2,Trey,Werlock,Glass
c7cb97e14f541ab0babfd6e78440bf21681351928e5154382631ea280fa86cad,Griffie,Lavallie,Steel
36cd49ab528eb1c8b288bd7a3050c3897a3293aef57650d4034943ebd400918a,Modestine,Noulton,Steel
8ad089ed137babef856c8def70d16516be3a5bd62f8de7f1501db81660fe1e85,Ian,Cuerdale,Glass
30446964c2ee4f78283bc971b7f21cf48d06bae40125e43dcc69873f9ab0e584,Corbet,Uzielli,Plexiglass
0859e9898b0c4fd5e37a236560144264fa4c65c0c5dc78c06d098e9ff252f1b0,Shalom,Whild,Vinyl
7f4d596aa3221e9323a348314a9e97d7981bde31390e8fa551e2c046e32d89c3,Hillyer,Walenta,Brass
4fc5773ddcc3b7d2069a71e0a8f1a93cfc7691c083f1cbe8f7abfbbe50852152,Vaughn,Haughton,Granite
a9253ea58132f5a25e08fc74a32e9135d5a1a446acf4c3271ef96a760d06320a,Merridie,Govan,Glass
b219207b828ecc72c95ace08c9964d15c1120baa8861bf239e966fb2a0c80750,Trista,Mussared,Plexiglass
3cf8ad49d6adf770c2a0fd7d56f2861bacbe3a63d4a1fda7bfd3846575263d9a,Cointon,Roux,Aluminum
6bcd21b69c701f33550ebb2e43fa698c2db3a3362a3bc825874fd100878e4272,Vannie,Glassborow,Rubber
27b3232f0336170a5fdae6a5a68fe54df15c99ff9c5873e7ea2e69f04747dfbc,Ainslie,Thackwray,Steel
0a853f0faad373a5085da1dd9e231804bbd58eb7044436982460732288acb307,Arvy,Lovitt,Vinyl
c14b836d57153c8b7837c6e700c261873235dc5a41212dcf637820018a2c89f1,Sonnie,Gobell,Glass
c97fc1b84e5f4f7fe8774bab142c903008a85c682f9df0a13342c0d0fde3fcbf,Griselda,Becks,Brass
5e6e9399c75415cf53ddb7e56a5e02dfd44c64957b497909c4c20fc0e038d5df,Beau,Lippiello,Brass
c5cb93b8015deae289bb4df1ce24a7b3b7964df02381b2b318876ea0a744e523,Derick,Cavan,Plexiglass
ff1b0943dc7e56dd58853a40cf1d662f573d13e43a7249e937c830d04c88d925,Bonni,Staite,Glass
1d8d498e8f19d355c0db04f86071ce11a6f14f26f2b8598f8b6e89a8bd35a5ec,Sargent,Janaud,Brass
c036cb504a5bb0f8288d8222094605a0ee742c4c28dd354ef68d0f5c589d0068,Clyve,Gilberthorpe,Aluminum
7f176e36a965b03bd138e761b761e553c7b10e5a9ac7d1471872a91c3e801290,Seamus,Chessor,Wood
8c92f87ce1f5169688e82a82055e0e6096ce2813ff9f0e5cadacc8946ea1a8e0,Blisse,Pitchers,Stone
cf973f27d5a1daefcefa6c937cac191602c46a961f10bfead7799c2af9c83687,Katharine,Treen,Granite
63bb16e03934e6dd866cd2598c4611924bf66ebfcb41e00f0902b04e1652f982,Robbi,Matteucci,Plastic
a35a3e780a08d662f87fa600d1ab94cdb8e0e3e0aabb78581af7d2b87a794536,Frederic,Lattey,Aluminum
395da1bd622bd9855d9e09369f6f1444988d5fc48370fb60aa71407351cab874,Jolee,Clingoe,Steel
9a412eb9f7c72ff68384f8b08692bc3965dd0ebbafcb0699461368aec0ff7441,Ingemar,Schultes,Aluminum
d4d07c0c20a78c86b00be137f717d771d2d595c19921946dfce1daad0013e296,Ronnie,Tewelson,Vinyl
a312f14e9982727107b4e70c8acc0bbc3c48e678e66844488cf2fe2efd518cfd,Kiri,Woodings,Stone
cc7e8ff03a1831c5d5bede6b7be5e9083c35c5b15ed7e07cd28a4d06a4718206,Conni,Orteaux,Steel
298edb9d5a146cee6ea700e4eca30857d8b27ea09a0ab56f33eee17108d61adc,Sky,Aubrun,Rubber
f1822963b5b863592d0940a5533091d6adb52a8e7c7a64b460ea96194a57d239,Lindi,Zoren,Wood
2ef854e5bbe5d1d825538a137b8fea72044fc269adbc44815b464fb97cdcda4b,Tammi,Pougher,Aluminum
08f0bc195c456cdcb458040debfc5d3581c283ff5b69f66db2dfeda6cd8ad07e,Jonathan,Huck,Aluminum
fe5c92ab6e3a796fe6a8449f918b7a1f2192f7e249bbef2a3eb9b3886701fa67,Hamil,Kik,Stone
57bad257ebead504ef38e37cc5b2cb57e6ed7825dd6a5794bade759bdec6ca00,Roderich,Chadband,Steel
53f9f349827084e681306520f3f269a2328aa133e88e405ce6c8a934db56ce38,Hollis,De la Yglesia,Steel
a6fe672edb966745c059b65d92f5949364169073251bbcbe638eed7c09565528,Lu,Eggleton,Glass
0a3b7fdf6959308f81ca1af2f391f15611aa332f5cea38cf7c33f2132d905867,Maryanne,Hazeup,Brass
09e75ce7fba6d855fd5f0ecace9802e1ba321d93c98ecfd438542743098b3acd,Eugenie,Stanway,Plexiglass
062d35bae474b0d7ed3ba2a7c6b78e58e96493954edee885fcbd10c051b48a97,Sanson,Dunhill,Plastic
b42ed504a4b0cf3deb30dfc5b884b900c52c4317e783b7195c85336d1645a3be,Fred,Oldcote,Granite
cb2df75bf85ead1d923a77ad4351bc723d4c1bd0c4171f4c7fb434666ce55c24,Thaddus,Roblou,Plastic
51abfe1e204f1963cc0a3919ba8ea3069667f09859428de184a4c7f91f41f6ac,Stacie,Babon,Stone
3394360d31944fadbd4d196874e680636c9e32e13be8f772fe288adf6f91160a,Homerus,Pipe,Wood
87660770e7f4e16a4fed561ccd82e513afd4cdeffc8c31ce9eccd6aaafff212b,Aime,Kennham,Steel
781f282c57f137c94166310c83005c617b9c67a240fa30189af4c52723293f03,Byrle,Alexsandrev,Aluminum
88746e2135cb75d825b149be6be1924a2a9ffe80e71264204ec7261c1685d757,Beltran,Bitterton,Wood
332867211a803ea2c4147332721e4623191b0a34a69ed6b671e17c263ef7e2b9,Rudyard,Hoggetts,Wood
7914e214982329c9881ee67af5a136d99b7a87e14156d148757d975448b7e4ce,Dasie,Eagan,Rubber
20e3933a22fb2c9e264f9f0163e3b249259f1fea39193f32b3a60fd3c055e60c,Ashlen,Vaughan,Brass
90f047c4cb1cd8fd952247b342612f8e956601982684dc20bd500c7a12d30c18,Clair,Weldrick,Glass
433d524e846794d3ca2814183b3b5c3d1e79cfce53b074264fc53329a4b2fe17,Stephie,Orrow,Granite
a145372386e2a095db375105c5664782d39a512bf623187fb3fe9d013251bde1,Matias,Wilcot,Brass
1f07d7685e4a92ccc9abe9e5dbe50e2c35cf4cbde528bd03be7e835a98eeba0a,Taite,Pelz,Granite
e3a90746a8e6c72c7c8d8ddca4f15b86a85c2e65e750b29675001930e4b6f49c,Tedda,Martin,Plastic
8bdffbc762a3862798ccd5920f90cf246bdc1b7641beb4eca8e2edce2c9f195d,Marne,Lindberg,Rubber
48e7b33f2f12addb6fdb2b94ff65221db16fcc305c7e67a7f04ee997bb0fca8f,Andeee,Ommanney,Steel
afd711fc928206d048d5f388a6e3512780281ad017d7633658c12e4ea2401553,Reg,Bedell,Granite
7ed49263c7c02d95508d808f478474dc489b586d81d5d31e59bd1466733c7307,Mahalia,Nickels,Plexiglass
c0fd9308373763cb085f85f02074008ab50b18b43c5f3196412d8d91affe59c2,Binny,Chaudron,Aluminum
a9b8706002061a08a90d36f44542e6c2aa53a36611a38352165c57964b15e71c,Cobbie,Emma,Aluminum
0507630497a52af62743b91e91383166afa2a4eba0a743800d9484d0cac98a97,Audre,Dionisetti,Brass
8a2261bedab0de79e6e920904f5969f713f2eaa0c8b14a6fec3c2dfe3c3d962a,Taber,Wildin,Brass
0e15cf9f56e0f6bd42ff144fc966522a95d92bd861cd69138cd57b9dfd2c955d,Rhiamon,Riach,Plexiglass
57c4d2e22bae381444a80055f44f7c0b410357876dbca961a2e872fc9b1e0f15,Moira,Ironside,Brass
b7ae25cb9d0612a1f3e2eaa3ea008feef57058fc67a6c6757e9055204cd83d46,Leonelle,Fearnley,Aluminum
4ee47f16228ab4ba32cb57ec24574e692dcbc9d71ff900862ace6fb2a080d262,Cary,Millin,Brass
38a92fc1884f1d48d7b645f062dda9d0b3d3fbd227445434e300006f387560a8,Estevan,Hinze,Wood
6abde1bdcf01bbe781b600c497c89a3fffacb3e3cbe66c26e1f475b0c948f186,Isidoro,Coppenhall,Steel
d9c57f4162b7a627d675a1be9e52939a6c5f79fe9002ee088786fd982e17e82c,Reilly,Fanti,Vinyl
11d7b3589bfe1bd47a10e50502b8f2c2a377061d5ed1f2506b1e6c08dbbe023c,Ade,Rennocks,Steel
451c9ae4064b3eea447505c8621613aa6c072e91381017d0feeeba1c61b45bfa,Carmon,Hairesnape,Plexiglass
05920d6e4807410a03faa98a1ef8fa5d88e01201ac8f8deae09d0e890a85faf5,Luigi,Winkle,Glass
f013848187830880bd3c9ef861a82492d47e15a1baef7996ed12e084f98a10ea,Ganny,Fishbourne,Stone
bc08c4a1a4844f410a32bcdc5ee4c644071dc3c89359495caa43ed13daf16749,Jarad,Maric,Aluminum
63d6a65a3c971d65ceea58d9ec1927289712b0ae4bdab01c14425650241e733d,Viviana,Clutterham,Granite
7fd8c4058eaa3c4cbd691d8897fdcabe9f2508fd08d07914597be4eff326ff35,Linea,Leindecker,Aluminum
dff4bbd3f6b301a294a711076c60fb4012059bfd8f21adf3e9d3c1f5e5297892,Ermanno,Double,Granite
f4a7fb278293aeaff9c62367fa37ec7b24cae8c1afc072450097bd6eb0617785,Patti,Fetter,Rubber
37d87e6c716e3b7e3013ad826feaa4a8273599b03d52d51dc1c67f7a51c25a34,Mohandis,Airs,Plexiglass
2c17d135cdb5365b1f298c783817efeb785d859cec7dd55ee75b7cbd3c95b114,Alia,Cockshut,Stone
30366e3e108c164f7a0243805e5dd5b77db8ee6df903b4235514e64b901261c6,Drusy,Cleverley,Aluminum
0e42e3168a9b1c4dff630892f84617d4745cb1b08770c302751e80aea78feb64,Eamon,Human,Steel
9183396153f68e7737e140c3bf49da737f179a1445a2d525d164dde4caa85a9c,Ilaire,Paoletto,Wood
3bbf41abe2804bf6748c8753cf6cc4ea323c1c44dbc76dbe29cb5ff069ae2c59,Reina,Clayson,Aluminum
213cd71abc276a2e880cd318cd6072829e625d96f00a0797b743d9adb10d3779,Moritz,Teece,Vinyl
6a9d9f66434f89a289b33c4d3e5fa8016c347804c54ec72b9d021cea7f07e9a0,Joannes,Edmead,Vinyl
6bd0a7b9445bfd3e9eb79c05d45d3f2064e9a13530420d49c3244db3bd47f419,Demetre,Donalson,Brass
f1a0a084cf7f0d070f77b1a22f952bcd95b8d0c0067f978c20e0cc4cfd6cc453,Dannie,Readwin,Aluminum
2adb0e075ea5e719fa87310e4a8a206c4bbb8d68973e2a9fe22561ea0b3737af,Lolly,Cridlan,Stone
372f0730d71e8abaa14b6e253981897234b72e05c057f790b817da42aace27bd,Cathleen,Humpherston,Stone
20b4240a09bddb7f80d460cbdd0cbb3ca6081d83f43f32578fc6044517d779bb,Onfre,Eastwell,Granite
5640fbc3ca1bb0aafdcbeaeb64f08e80ad30772353d9d80e39e2d18c6b19c245,Tabbie,Tumber,Stone
cddf176efb56ccfc843b37d2640fab71001b99065952fb64bcedd28355e6a17f,Erv,Ferreiro,Vinyl
2d343a69a0100a33c1e6eef2770ddea7de940869f60c3685b78c9e1900dcfe65,Berna,Wolfarth,Plexiglass
08f3917c56e292852c65fc1625397da736cde058fe1ca23b6514fe0c5d537f78,Frederique,Brigman,Steel
e91af266999cf88b3307fc20821a84514696d40f06169e4934a739005e815ae3,Gusty,Brellin,Vinyl
08dcf65bf249a27e164f2eaf8d1d757ea856eb02403b3fe67d6dd45034d625c8,Xylia,McGonnell,Rubber
f27a419bd2840e7d242253ba43702ae853c365a68f769bb803056ad4faacf04d,Adah,Sabattier,Stone
d314123bc10364057c0ab126f1c091378e43bb65cca1dae2f883bcad41771443,Hillier,Francino,Aluminum
03b4968354391e2c9da29c4db1b49f28940a7788e842627b10566c1da88168f5,Ed,McKleod,Plexiglass
acd6b13830082b973b96218eff9f0ffa0bc3b80366c4daf58ecd482c0c814804,Kristo,Scotchbrook,Stone
481ccc3611ffb5cc18e99134728c9aa796b37ce26044c845eb9c3fc34e7da005,Coralie,Skeggs,Aluminum
670cdbda5b96fa37b7d15fbd3f3de97416ecd067277f05a78a358ed474af5218,Nina,Brambell,Steel
91055c816023d872874af7c4af8fce36474d65e1e339d032c2abca548a8b31c1,Ellsworth,Wybron,Plastic
649e054e71ebc3a5d6d0bede290f5716058cbd7226eff7c4a6b4f9eac300c1f0,John,Peperell,Aluminum
ec2e282d4c607c0650ded649f8fdac5b5c65310a8d3868ffd2c57ee957ab7797,Bunny,Tunnock,Plexiglass
16f92061bd276ace867693b07c30fbb0d2f3754697caafaa6dbb1b3ce3464ce4,Dore,Hardison,Steel
564aa3c4c98cc8c9180212d2f9980869e3bf73bc5079a98702edabf2ee3a424f,Cristy,Russe,Stone
0caf4d5d8a1e90121d170c8fc49839dc8fd44bc4ae2e8cc6d9ecc4993328afc6,Rollie,Gayton,Vinyl
e6dceebfb343857888de891a59cf7a1fe0528a2c52b31d3ed8f1b7b47d705b7b,Flem,Bruna,Steel
709113f4bca21b76423be90dd9f5b7f9a645a18edb8754b0d65eb31c86ca86ab,Nickie,Mossop,Brass
13671f93c781d63e394365fe68ae1cd2a536fed827ecf823840e0ffe8d30d642,Jeanie,Imesen,Brass
a57d5aa1af30b5c21ec8e2545b39b9a86c57d77148e7287ba3a7e466a3e3d4f4,Norma,Stenners,Aluminum
fb9eb9a4b21681123f50211d70506ac447905eceed2ea305fba67b522127d675,Jacquelin,Cadney,Stone
e9fba240facd79cdcdd2f437c0d09dd27e85b3c965eb9b29df3cb26b709807ec,Brynne,Klass,Rubber
a360489c3b8d2f3fa183328de96c1bf2b6fde04494b0666c4f6f9f5e53875e5e,Jsandye,Pearde,Plexiglass
1a5beef7f367a28c4c3df6dde453cae365b83964f91ce5f738a2847193b0758a,Charlene,Lent,Stone
98ee00f9361d2106ed2113f19023b83b5010850abe85aef2671df49add2be5da,Ambrosius,Corbridge,Stone
fa12bcef97fc7b64d2be5b50dce47a186077708f1c40f3b63e7edd15674200a5,Nelly,Earry,Granite
d02bdafc0f6d13f6c618f10b3c1ec046eaf566181fb82c54f05f19208ccd9208,Susan,Jouanet,Rubber
fc638f06ebbded4192b9723a7bdf21792e3b07bcd6146b9e9cb79a5496342eef,Heloise,Lohmeyer,Plastic
f643782a0fa5dbf10a30b761ac72c1754de174fad8a6a72b350ba7da5fdbfab4,Connie,Greeveson,Brass
bcd4b090a935129aa7dd99c1be5f7af1b638eadaa9ce625892d9e4c724f6a563,Emilie,Leighton,Steel
dce43bd73f4319d5b4ad58dc14e96a8047b1ba0ae571500681dda6e21522e23f,Rooney,Prestage,Rubber
f0a8c5f6be225c1019335fa1211e37e0cd9d4f354ab15be83cf846cdad0b15ae,Zacharia,Hulatt,Glass
db6473fba969190d6e0fab4354542195734948b420b8aa110ba53fd91796c2a1,Kristofor,Hubach,Vinyl
cbd1f328f97af77abd1c13e5cea635f8f8fb3c1325de44b057d0871023d34943,Moselle,Benardet,Brass
141809669ae9bafbc3b0fcec7ddd91f05072c39e09d53dc0bbc5f1cd1debce2f,Laureen,Pringell,Plastic
7f55cce4b0a3c666d19a14cda6d44c28700c8dfc850dac4c8c1d8677f370c2d6,Ilse,Rosenzwig,Vinyl
53eeea299d5fbb44276accad079fb7be35be764e8dd022987ac41580d30be10a,Jaye,Iggalden,Steel
53a4539c14de5c92f14ea6ae08639d44cf1bc37cc73a502e7c4df813a3f57d97,Letisha,Duny,Aluminum
f715beaf71d11056a48343a79cd7421a9adef900a9f849423d158d20e36979bd,Vasili,Thumim,Plexiglass
fcd057ebb7465ce127a2493e50083701be7b2ca8ca46f21b64bfc678c22e83f4,Patrice,Simonin,Steel
5875cb130905c3310050ce83e48b73a3ac5a66f69475d0590c018e0920915a56,Gherardo,Village,Stone
a2f8fe78c345bfbf69f19099cb34824838df4c5b9c06c766a66dd9236a67caed,Maje,Megson,Stone
1c16a82e1aaae9245ed9ac1fea232da2b95a6d9267d42df266c6ca33f82f85d3,Gilemette,Boolsen,Brass
b88d223053705fed84922eb093183c6d320e69650a4204138fcf54722a5697a8,Klarrisa,Blest,Glass
e2efb2ca9e22f6902dc09d7b065f36041e7b17e87fe914822cd45146967b37da,Marlow,Fechnie,Glass
afc1e48d75535779650c53a2e37bdb7a8b39f8c1c863f06c581668bec4fda08a,Waring,Nary,Stone
a031e60efce9feec6f5e61862806be45aac228db5472180ee25163f67ff4f5f8,Edwin,Calcott,Granite
91fd309942f97ff7aad443dbba7443ae0bb0009afeff27fe02bfc5a0426e4fc4,Frederigo,MacCaughey,Vinyl
7fb0bde3eb78e7a52ffde677544b1561801642dc1cd65a9e379b344da2796e87,Ashlie,Stiffell,Glass
6381c03660ed0e01e33f017ef21a8d2a9b8b432c27bfe3c9508ea336d7a11bd3,Rena,Hambrook,Glass
959636df4b003f4776da0a659392cd90e12779381abfeef43bdbccd410a9816b,Sterling,Tathacott,Vinyl
cfd44a5caa16128381ec1cbb109f82540fcf3624ca2b0147bd2aa1b5aa5172ab,Margarita,Dreini,Plexiglass
ff01d661b425ce35b51b1f24122ba62625670ac1e0f237785986ccb81a3e2711,Gar,Maffezzoli,Wood
e38cdeb5305b57459fea89beba7947666e173ac2dd4bf2b11fe9abcf62d935bd,Jerrome,Nursey,Wood
4489538386439bf13074acbda83956441fca200b96c2f9f853ab6710a63c1784,Bartholomeus,Jocic,Rubber
21d5aa0c77e0641419556b45c7b4775d739b4e576888f2ea99ddf1a9c57808fc,Brice,Petworth,Stone
beb3468826c6af3d8c66417dece33bea507eb88560ad5adea2e94f1e987b9d17,Barbara,Steed,Aluminum
1598c0f5f0fcc06b4374dd2b8f015add0b40cd383acf6a3df3b7bb6bdb834efd,Codie,Huddy,Aluminum
e2ada623f03015cd7c0de44df22bc3af99c028bfa3e5185b3a5df13ed0441bd0,Retha,Bartali,Steel
3e14e8e200bd738430d05ca4c3139125cd3bc3e91c9c38d4beb22629d41e6a05,Victoir,Arblaster,Vinyl
42a7ba9fc48663497e8824e9903ce7ee52dbf2f1134a13564443df399ffbf15e,Russell,Quarrington,Brass
bb40b5d0582dc4a1207a437cb3dd01ff3efa9ce8cdac7f3c584555a0146b2b02,Theodora,Delacroix,Stone
9fc4e0d66cf82ac63ada314b440aef2f1093a1a4e7444a5f23590a5b3edc5063,Maurine,Stillwell,Rubber
d8debf459c8d6f1b2c611cde7ddc389f17ec6a38925bf09becf7bef31c5c8bd5,Stevie,Luca,Vinyl
f9bfe43b318418f8b9262b758af93482920d8558dcb5c0735098ef883ed1c3b0,Rudie,Letherbury,Vinyl
6a7bc584bfee37926cb784837e373c683a2114c9b323bad2367822220a11ca77,Jonell,Edlyne,Glass
c127816299d32a5f24221e1ddfdb65d0b5b935b4ae8866502d051f0a7f23f64b,Aridatha,Refford,Vinyl
2267c11c4aa22c872be7b95fbdf44b154544fa07ffb9b83c46891f1e3be717f7,Chrisse,Carbry,Steel
8ee229fd6bde02cecb7e20c51ef607b6c41ba7d9a6239ae40c07c51af0aed6ae,Elly,Hacking,Steel
2905c34d54336ced9f5faef94aa25abb3a2cfc6c7b96a71940518d714a866a48,Jacques,Greendale,Vinyl
9c31d2e6facd997e1a031bd78ed2a39a65670b28b7000bb44a9d9df0d638586e,Em,Rymill,Steel
ef017c8624143247db37504b724c991b9917829dd1ad882ae4d4f563949a8bb6,Javier,Yesipov,Glass
3cc5416f902332f057bd1a6e60d44c96bef928fa18f6131477810d8f9af20ab3,Jan,Ashcroft,Brass
a3cdf0f268eda810f50cd4fd51a50fbf963855e02afc54243d9fe7997eac2378,Marlo,Durtnal,Aluminum
2221a7544f5e214b09d25cb8f90bbdc29ef1b3e97e6c7bc369bed978251feaff,Saunder,Habergham,Aluminum
0718c7bb1fb34cc383e4c7f50ae5601417447387c94d85cba34e8729d57d428f,Daveta,Tschierse,Rubber
2953b57b836b29778d9e19897dd534b5a47e4446a68fdb899edae4e10dcff5a7,Regen,Itzik,Plastic
35e84893540887684c21799da78b559cf2526864aa3f45d8f0f7743c2395fa18,Katti,Flintiff,Plexiglass
b3146e14ae917aabfb7ce7ffbdd7f18635eadeb9362a0f4035a8492e7f41b054,Charyl,Revitt,Rubber
aa895754b020651d2b69e9a6cb5a23c3e730ec010a951dc8c94c534b87b2cced,Alessandro,Judge,Steel
2e7e3d7b603abf5c881dda8075bde4a63192956bf5df6e5d78e3f8525e741ef6,Yulma,Tankin,Glass
41ae978d1606ce69208521fb92b007a985dfacbe082199503c7445a118b535db,Inesita,Pelfer,Granite
8a2485599cfc87283d62acb7744d8d6ccd873a934aafb91895c50b6e48aa2989,Gillan,Dreelan,Vinyl
77b8ba30ab93a1e3c6b188a62bc40c37c0b09b1b32589d1aeb6cfc3694520cfa,Ken,Dunsire,Brass
400291952237ac3a92b72db3f2c3ce4ff3614d6f384b20379a27b28f56533cfe,Broddie,Doyle,Steel
ac380dc8f0a820ce995739036e57d4b1ee9335488ad11fb80bfb5019df1887b8,Emma,Docker,Rubber
7bd2dd7ecc401b635322887df1c29e65020ba72d75fa2f000634090256140ec8,Brianna,McMurdo,Aluminum
4065c962525bba5d85eb265d4e867f1aae6599fcd0c32fc32d123bf6129f799e,Nicol,O' Dooley,Rubber
359140ebc55d4e8136dc1d9d96804640b32808a3255ee6a976de51232c0f5894,Marietta,Dowbakin,Vinyl
2b37c75ae0ca636aa0ad2b60cac9a5df356e01ad32f5f91d95726e24dcf6e2d2,Ted,Carwithim,Steel
b557682bf6b3fde63134e8e3ddc4349dc352ae873ef2408334e76890073c958e,Dermot,Almond,Plexiglass
838a7225297cf466306c2da4fffc364ac7927da6a41ef21a43628907d46406fe,Francine,Lante,Granite
daa9b3ffd3653ecaa2f4500a114ff7e0c78671d7888bc2c1d2237c92bf593170,Margit,Longega,Vinyl
97f8eb4ed1cfa650cbe183e83521ee7afe2201f92a1ce8235e5806d685cbcf27,Ilario,Tilmouth,Granite
be9233ffaefa6e8dc756a073d35fedcec5ee463442211b59c1d84fbac51b7a5d,Mike,Illingworth,Stone
15d030bc7a89b884da62f94cd62bf33695d10981529d0e9167f6f2fa5dbceec6,Edie,Potes,Brass
c0d39b5155353af12a10e448607968405aca6af250d60d4e49fd4e4a38048c67,Elissa,Spilsbury,Granite
229fc42cf7276ac3a7ccd15933a27c53aa262aa67c1b335bc0c664d8646ba0b6,Albert,Stucke,Wood
63e34525440c9ea3215bf6323dbe24c810d9f50283d30d03933520df49287fa9,Gayla,Shevell,Steel
894dd140a86a60546d2ebe1674e38327462baba76af2ff8250a400972903fe78,Romonda,Crees,Glass
1710af6bfdc58a6182a5a3d0e3bc09b9285ac49d6f778b4120ecfc8aed05ca9a,Micheal,Courage,Granite
c8beee6bdd5b0b38e1e7df7cabaa219996e2f03d1e3ed7d5da95b7dd6484b616,Cicely,Ambroisin,Brass
6bf900ff63e1d9d1b2290eb9a94cc34822ccccbe231e963c2d5b80ac2dd004c0,Sinclair,Bullock,Steel
d718b0762ab5fee7084199d075d140d3353aa27eb3a1c5551f5d61de6324dcaa,Miller,Stuchberry,Plastic
5efe71db9067685f20b0f40b371681372a448d424cd01ba6a3ca371ac226d26b,Athena,Ifill,Rubber
e944aae2f41c5825dd95b765a10d5a24ea3f796a2d58cfafb2dcf96a4dc56dfd,Zenia,Jouannisson,Brass
7ecf60d4b71d948035003d4ce3eb1519c3238d52d2525375444722720cfd63fe,Shaine,Kloss,Plexiglass
7e298492fcdcdf297a359fd18dd464a13d0969a0901f152d58c817c726b0e7c5,Barton,Kingsley,Vinyl
e9a11fa138a19d38f0ad49a37c09d72e200e9cc8ed1957dfdb454349c1ab23b6,Wolfie,Greig,Stone
e635b2e2405d82ed48039dd62383870d7cc8b82a63e0c3a77e60ad5cf5f6be07,Loy,Fritter,Aluminum
